Label,S1_Temp,S2_Temp,S3_Temp,S4_Temp,S1_Light,S2_Light,S3_Light,S4_Light,S1_Sound,S2_Sound,S3_Sound,S4_Sound,S5_CO2,S5_CO2_Slope,S6_PIR,S7_PIR
0,25.19,25.25,24.69,25.56,0,0,0,0,0.08,0.05,0.06,0.05,360,0.0230769230769,0,0
0,25.44,25.44,24.94,25.69,0,0,0,0,0.07,0.05,0.06,0.06,370,0.0,0,0
0,25.31,25.38,25.25,26.0,16,20,71,53,0.07,0.06,0.06,0.1,355,0.0,0,0
0,26.13,26.0,25.81,26.19,0,0,0,0,0.07,0.05,0.07,0.06,990,-1.30769230769,0,0
0,25.25,25.25,24.75,25.56,0,0,0,0,0.07,0.05,0.06,0.06,365,0.00384615384615,0,0
0,25.5,25.5,25.19,25.63,0,0,0,0,0.07,0.04,0.06,0.09,385,-0.276923076923,0,0
0,25.25,25.25,24.81,25.63,0,0,0,0,0.07,0.05,0.07,0.06,365,0.0,0,0
0,25.44,25.38,25.06,25.88,0,0,0,0,0.07,0.05,0.06,0.09,355,0.0,0,0
0,25.38,25.38,24.94,25.75,0,0,0,0,0.07,0.05,0.06,0.1,355,0.0,0,0
0,25.19,25.19,24.69,25.25,0,0,0,0,0.08,0.04,0.06,0.08,345,0.0,0,0
3,26.25,26.81,25.94,26.38,149,235,178,10,0.13,0.07,0.17,0.1,895,2.33461538462,1,1
3,26.31,26.63,26.06,26.44,149,236,180,10,0.43,0.97,2.96,0.65,1170,2.81538461538,1,1
0,25.31,25.31,24.88,25.75,0,0,0,0,0.07,0.04,0.06,0.06,370,0.0,0,0
0,25.25,25.31,24.75,25.63,0,0,0,0,0.06,0.05,0.06,0.05,360,0.0,0,0
0,25.38,25.44,25.06,25.94,0,0,0,0,0.08,0.05,0.07,0.1,355,0.153846153846,0,0
0,25.06,25.06,24.44,25.31,0,0,6,4,0.08,0.05,0.07,0.06,355,0.0,0,0
0,25.81,25.94,25.56,25.81,0,0,0,0,0.07,0.05,0.06,0.09,760,-2.11538461538,0,0
0,25.25,25.25,24.81,25.38,0,0,0,0,0.07,0.04,0.07,0.1,345,0.0,0,0
0,25.38,25.38,24.94,25.81,0,0,0,0,0.08,0.05,0.06,0.1,355,0.0,0,0
0,25.75,25.69,25.31,25.94,0,0,0,0,0.07,0.05,0.06,0.06,670,-1.85,0,0
0,25.38,25.44,24.88,25.75,0,0,0,0,0.07,0.04,0.05,0.06,365,0.0,0,0
0,25.38,25.44,25.38,26.13,10,13,54,40,0.09,0.07,0.07,0.1,355,0.0,0,0
2,25.56,25.69,25.0,25.94,151,232,75,58,2.12,1.03,0.16,0.46,570,2.23076923077,1,1
0,25.13,25.19,24.69,25.31,0,0,0,0,0.08,0.04,0.05,0.09,345,0.0,0,0
0,25.31,25.31,24.81,25.75,0,0,0,0,0.06,0.05,0.06,0.06,365,0.0538461538462,0,0
0,25.44,25.44,25.38,26.13,5,7,33,23,0.07,0.05,0.06,0.1,350,0.161538461538,0,0
0,25.44,25.44,25.13,25.94,0,0,0,0,0.07,0.05,0.06,0.1,350,-0.05,0,0
3,25.69,26.31,25.56,25.75,8,8,30,29,0.22,0.84,0.15,0.18,460,2.59230769231,1,1
0,25.38,25.38,25.31,26.0,19,23,80,59,0.07,0.05,0.06,0.1,355,0.0,0,0
0,25.06,25.06,24.56,25.25,6,7,34,23,0.08,0.06,0.06,0.06,360,0.0,0,0
0,25.25,25.31,24.75,25.63,0,0,0,0,0.07,0.05,0.06,0.06,360,0.0,0,0
2,25.69,28.13,25.13,26.06,156,244,80,62,0.62,0.12,0.24,0.07,635,1.40769230769,1,0
0,26.0,26.13,25.63,26.13,0,0,0,0,0.07,0.05,0.07,0.06,975,-2.43461538462,0,0
2,26.13,25.75,25.75,26.31,116,24,181,14,0.12,0.1,0.18,0.06,725,1.76538461538,0,1
0,25.13,25.13,24.63,25.25,0,0,0,0,0.08,0.05,0.06,0.08,345,0.0,0,0
3,26.31,27.56,26.06,26.44,150,237,180,11,0.19,0.08,0.07,0.06,1200,2.38076923077,1,0
0,25.5,25.44,25.19,25.63,0,0,0,0,0.07,0.04,0.05,0.08,385,-0.296153846154,0,0
0,25.06,25.06,24.56,25.19,0,0,0,0,0.07,0.04,0.05,0.08,345,0.0,0,0
0,25.13,25.06,24.63,25.19,0,0,0,0,0.08,0.04,0.06,0.08,345,0.0,0,0
0,25.06,25.06,24.56,25.25,6,6,32,20,0.08,0.05,0.06,0.05,360,0.0,0,0
0,25.19,25.19,24.75,25.31,0,0,0,0,0.07,0.04,0.06,0.08,345,0.0,0,0
0,25.44,25.44,25.06,25.5,0,0,0,0,0.08,0.04,0.05,0.08,370,0.0,0,0
0,25.31,25.31,24.88,25.75,0,0,0,0,0.07,0.05,0.05,0.07,370,0.0,0,0
0,25.25,25.25,24.75,25.63,0,0,0,0,0.07,0.05,0.07,0.07,365,0.0,0,0
0,25.56,25.56,25.13,25.75,0,0,0,0,0.06,0.05,0.05,0.06,395,-1.43846153846,0,0
0,25.69,25.69,25.31,25.94,0,0,0,0,0.07,0.05,0.06,0.07,650,-2.28076923077,0,0
0,25.38,25.38,25.0,25.5,0,0,0,0,0.08,0.04,0.06,0.09,360,-0.273076923077,0,0
0,25.0,25.06,24.44,25.31,2,2,14,10,0.08,0.05,0.06,0.06,355,0.0269230769231,0,0
2,26.06,27.06,25.5,26.31,160,249,79,59,0.75,1.46,0.38,0.36,595,1.57692307692,0,0
1,25.94,26.81,25.5,26.25,120,24,42,31,0.08,0.07,0.06,0.06,435,0.9,0,0
0,25.38,25.38,24.94,25.75,0,0,0,0,0.06,0.05,0.06,0.06,375,0.0,0,0
0,25.06,25.13,24.5,25.13,0,0,0,0,0.08,0.06,0.06,0.06,355,-0.0923076923077,0,0
0,25.13,25.06,24.63,25.13,6,6,29,20,0.07,0.05,0.06,0.08,345,0.0,0,0
2,26.19,25.75,25.75,26.31,115,24,180,12,0.1,0.05,0.24,0.06,735,1.33076923077,0,0
0,25.63,25.63,25.31,25.75,0,0,0,0,0.08,0.04,0.06,0.08,605,-0.973076923077,0,0
0,25.38,25.38,24.88,25.75,0,0,0,0,0.06,0.05,0.06,0.06,365,0.0,0,0
0,25.38,25.44,25.06,25.81,0,0,0,0,0.08,0.05,0.06,0.1,355,-0.05,0,0
0,25.06,25.13,24.56,25.44,3,3,16,10,0.08,0.05,0.07,0.07,360,0.0230769230769,0,0
0,25.44,25.44,24.94,25.56,0,0,0,0,0.07,0.05,0.05,0.06,370,-0.184615384615,0,0
0,25.06,25.06,24.56,25.13,2,2,14,9,0.07,0.05,0.07,0.1,350,0.0,0,0
0,25.06,25.06,24.56,25.31,2,2,11,7,0.08,0.05,0.07,0.1,350,0.0,0,0
0,25.44,25.44,24.94,25.69,0,0,0,0,0.06,0.05,0.06,0.06,365,-0.0538461538462,0,0
0,25.19,25.19,24.75,25.31,0,0,0,0,0.07,0.05,0.05,0.08,345,0.0,0,0
2,26.13,25.75,25.75,26.25,116,25,188,16,0.32,0.08,0.14,0.1,700,2.40769230769,0,0
1,25.94,25.88,25.63,26.31,119,33,67,42,0.08,0.09,0.07,0.06,570,-1.18846153846,0,0
0,25.13,25.13,24.63,25.19,0,0,0,0,0.08,0.05,0.05,0.08,345,0.0,0,0
0,25.13,25.13,24.5,25.44,2,2,14,9,0.06,0.04,0.06,0.08,355,-0.0653846153846,0,0
3,25.69,26.19,25.56,25.75,8,8,30,28,0.15,0.72,0.13,0.09,475,2.61153846154,0,1
0,25.56,25.56,25.13,25.88,0,0,0,0,0.06,0.05,0.06,0.06,455,-0.992307692308,0,0
0,25.25,25.25,24.75,25.63,0,0,0,0,0.07,0.05,0.07,0.06,365,0.0,0,0
0,25.0,25.06,24.56,25.19,6,6,33,21,0.07,0.05,0.06,0.05,360,0.0,0,0
1,25.44,25.31,25.06,25.88,124,37,66,48,0.49,0.15,0.42,0.16,360,0.0,0,0
3,25.5,25.75,25.38,25.63,10,11,52,35,0.39,0.39,0.92,0.27,370,0.969230769231,1,1
0,25.31,25.31,24.81,25.69,0,0,0,0,0.07,0.05,0.06,0.1,355,0.0,0,0
0,25.38,25.44,24.88,25.69,0,0,0,0,0.06,0.05,0.07,0.06,365,0.0,0,0
0,25.44,25.44,25.19,26.06,0,0,2,2,0.08,0.05,0.07,0.1,350,0.0,0,0
3,26.19,27.25,26.06,26.31,164,252,273,74,0.09,0.08,0.06,0.07,970,1.96923076923,0,0
0,25.38,25.38,25.0,25.81,0,0,0,0,0.07,0.05,0.06,0.1,355,0.0,0,0
0,25.25,25.25,24.69,25.5,0,0,0,0,0.08,0.06,0.06,0.05,360,-0.203846153846,0,0
0,25.44,25.44,25.38,26.13,5,6,29,21,0.08,0.05,0.06,0.09,350,0.0538461538462,0,0
0,25.38,25.38,25.0,25.81,0,0,0,0,0.08,0.05,0.07,0.09,355,0.0,0,0
0,26.0,26.19,25.69,26.0,0,0,0,0,0.07,0.05,0.06,0.09,855,0.892307692308,0,0
0,25.38,25.31,24.88,25.75,0,0,0,0,0.07,0.05,0.06,0.06,370,-0.107692307692,0,0
3,26.25,26.38,25.94,26.38,150,235,186,10,0.25,3.44,0.84,0.24,1050,2.08461538462,1,1
2,26.19,25.75,25.75,26.31,115,24,180,12,0.07,0.05,0.06,0.06,735,1.39230769231,0,1
0,25.88,26.06,25.63,25.88,0,0,0,0,0.07,0.05,0.06,0.09,805,-1.69230769231,0,0
0,25.88,27.0,25.5,26.31,14,15,72,52,0.08,0.08,0.09,0.06,550,-3.72692307692,0,0
0,25.06,25.06,24.56,25.13,4,4,20,14,0.08,0.04,0.05,0.09,345,0.0,0,0
0,25.25,25.31,24.69,25.63,0,0,0,0,0.06,0.04,0.06,0.06,360,0.0,0,0
0,25.13,25.13,24.56,25.31,0,0,0,0,0.07,0.05,0.06,0.05,360,0.0,0,0
0,25.13,25.19,24.63,25.5,0,0,0,0,0.08,0.05,0.06,0.06,360,0.0,0,0
0,25.44,25.44,25.13,26.0,0,0,0,0,0.08,0.05,0.06,0.1,355,0.0846153846154,0,0
2,26.19,25.75,25.75,26.38,115,24,179,11,0.54,1.24,0.21,0.81,750,1.17692307692,1,1
0,25.06,25.13,24.5,25.44,2,2,13,8,0.07,0.05,0.07,0.06,360,0.0461538461538,0,0
0,25.44,25.44,24.94,25.56,0,0,0,0,0.06,0.05,0.06,0.05,370,0.0,0,0
0,25.13,25.13,24.63,25.25,0,0,0,0,0.08,0.04,0.06,0.09,345,0.0,0,0
0,25.31,25.31,24.94,25.44,0,0,0,0,0.07,0.05,0.05,0.09,350,-0.253846153846,0,0
0,25.5,25.44,25.13,25.63,0,0,0,0,0.07,0.04,0.06,0.09,385,-0.234615384615,0,0
0,25.38,25.38,25.31,26.06,19,24,83,59,0.07,0.05,0.05,0.11,355,0.0,0,0
0,25.13,25.19,24.56,25.38,0,0,0,0,0.08,0.05,0.07,0.1,355,-0.0615384615385,0,0
0,25.31,25.31,24.81,25.63,0,0,0,0,0.06,0.05,0.06,0.06,360,0.0,0,0
0,25.38,25.38,25.0,25.5,0,0,0,0,0.07,0.05,0.06,0.08,360,-0.196153846154,0,0
2,26.25,26.13,25.94,26.25,115,19,182,7,1.19,0.29,1.09,0.35,1015,-1.22307692308,1,1
0,25.13,25.13,24.56,25.19,0,0,0,0,0.08,0.05,0.06,0.08,345,0.0,0,0
0,25.25,25.25,24.75,25.56,0,0,0,0,0.08,0.06,0.06,0.1,355,0.0,0,0
0,25.25,25.25,24.69,25.56,0,0,0,0,0.07,0.05,0.06,0.06,360,0.0,0,0
0,25.38,25.44,25.06,25.88,0,0,0,0,0.08,0.05,0.07,0.1,355,-0.0307692307692,0,0
0,25.31,25.31,24.88,25.69,0,0,0,0,0.07,0.05,0.06,0.1,355,0.0,0,0
0,25.25,25.25,25.13,25.88,16,20,72,52,0.08,0.05,0.06,0.1,355,0.0,0,0
0,25.19,25.19,24.63,25.44,0,0,0,0,0.09,0.05,0.06,0.06,360,0.0,0,0
0,25.63,25.69,25.31,25.75,0,0,0,0,0.07,0.05,0.05,0.08,610,-1.33846153846,0,0
0,25.5,25.56,25.13,25.69,0,0,0,0,0.06,0.04,0.06,0.06,400,-1.37307692308,0,0
0,25.19,25.19,24.75,25.31,0,0,0,0,0.07,0.04,0.05,0.09,345,0.0,0,0
0,25.06,25.19,24.5,25.44,2,2,14,9,0.06,0.05,0.06,0.07,360,-0.0230769230769,0,0
0,25.88,26.94,25.56,26.31,14,15,70,51,0.08,0.07,0.09,0.06,580,-2.91153846154,0,0
0,25.06,25.06,24.63,25.56,9,10,44,29,0.08,0.04,0.06,0.09,355,0.0,0,0
0,25.69,25.69,25.31,25.88,0,0,0,0,0.06,0.05,0.05,0.06,605,-2.79230769231,0,0
0,25.25,25.25,24.81,25.38,0,0,0,0,0.07,0.05,0.05,0.09,345,0.0,0,0
0,25.19,25.25,24.75,25.25,0,0,0,0,0.07,0.05,0.06,0.09,345,0.0,0,0
0,25.13,25.13,24.63,25.25,0,0,0,0,0.08,0.05,0.06,0.09,345,0.0,0,0
0,25.44,25.44,25.06,25.56,0,0,0,0,0.07,0.05,0.05,0.09,375,-0.261538461538,0,0
0,25.25,25.19,24.69,25.56,0,0,0,0,0.07,0.06,0.06,0.06,360,-0.161538461538,0,0
3,25.88,26.13,25.75,25.88,146,237,185,26,0.17,0.66,0.32,0.09,780,1.60769230769,1,1
0,25.13,25.13,24.5,25.38,1,1,7,5,0.07,0.05,0.06,0.06,360,0.157692307692,0,0
0,25.13,25.13,24.5,25.31,0,0,0,0,0.07,0.05,0.06,0.06,360,0.0,0,0
0,25.94,26.0,25.75,26.31,14,18,82,51,0.08,0.05,0.07,0.07,715,-2.55,0,0
0,25.44,25.44,25.13,26.0,0,0,0,0,0.08,0.05,0.06,0.1,350,-0.1,0,0
0,25.5,25.5,25.06,25.81,0,0,0,0,0.08,0.04,0.06,0.07,390,-0.415384615385,0,0
3,25.81,26.0,25.75,25.94,2,3,13,10,0.37,0.92,0.23,0.09,760,1.87307692308,0,0
0,25.38,25.38,25.0,25.81,0,0,0,0,0.08,0.05,0.06,0.09,355,0.0,0,0
0,25.38,25.38,24.88,25.75,0,0,0,0,0.07,0.04,0.06,0.07,365,0.0,0,0
0,25.38,25.38,24.94,25.75,0,0,0,0,0.06,0.05,0.06,0.06,375,0.0,0,0
0,25.31,25.25,24.81,25.63,0,0,0,0,0.07,0.05,0.06,0.06,365,0.0,0,0
0,25.13,25.13,24.56,25.19,0,0,0,0,0.07,0.04,0.05,0.09,345,0.0,0,0
1,25.94,26.81,25.5,26.31,119,24,40,29,0.46,0.14,0.06,0.1,450,1.38846153846,0,0
0,25.44,25.44,24.94,25.75,0,0,0,0,0.08,0.05,0.07,0.06,370,-0.0538461538462,0,0
3,25.75,26.31,25.56,25.75,8,9,32,29,0.14,0.12,0.13,0.11,465,2.65,0,1
3,25.69,26.44,25.56,25.75,9,9,50,31,0.4,0.93,0.09,0.09,420,2.24230769231,1,1
0,25.0,25.06,24.63,25.44,9,9,43,29,0.08,0.05,0.06,0.1,355,0.0,0,0
0,25.38,25.38,25.0,25.5,0,0,0,0,0.08,0.04,0.05,0.09,360,-0.138461538462,0,0
0,25.13,25.13,24.56,25.31,0,0,0,0,0.08,0.05,0.06,0.06,360,-0.0807692307692,0,0
0,25.38,25.38,24.88,25.69,0,0,0,0,0.06,0.05,0.06,0.07,365,0.0,0,0
0,25.13,25.13,24.5,25.44,0,0,2,1,0.06,0.05,0.06,0.07,360,0.0192307692308,0,0
0,25.44,25.44,25.38,26.13,9,11,45,33,0.07,0.05,0.06,0.09,355,0.0,0,0
0,25.19,25.19,24.63,25.44,0,0,0,0,0.07,0.05,0.06,0.1,355,0.0,0,0
0,25.13,25.13,24.81,25.75,11,13,54,38,0.08,0.04,0.07,0.1,355,0.0,0,0
3,25.81,26.0,25.69,25.88,5,5,28,18,0.09,0.08,0.63,0.11,635,2.81153846154,1,1
0,25.75,25.94,25.5,25.81,0,0,0,0,0.07,0.05,0.05,0.08,760,-2.18461538462,0,0
0,25.19,25.19,24.63,25.44,0,0,0,0,0.08,0.05,0.06,0.09,355,0.0,0,0
0,25.5,25.56,25.13,25.63,0,0,0,0,0.06,0.04,0.06,0.06,410,-1.46538461538,0,0
0,25.38,25.38,25.0,25.88,0,0,0,0,0.08,0.05,0.06,0.1,355,0.0,0,0
0,25.19,25.19,24.94,25.88,12,14,55,40,0.08,0.05,0.07,0.1,355,0.0,0,0
0,25.19,25.25,24.75,25.25,0,0,0,0,0.07,0.05,0.05,0.09,345,0.0,0,0
0,25.25,25.25,24.75,25.63,0,0,0,0,0.07,0.06,0.06,0.06,365,0.0,0,0
0,25.25,25.31,24.81,25.31,0,0,0,0,0.07,0.04,0.05,0.08,345,0.0,0,0
3,25.88,26.06,25.75,25.94,3,3,18,11,0.2,0.05,0.1,0.09,760,2.94615384615,0,0
0,25.25,25.25,25.13,25.88,16,20,73,52,0.07,0.05,0.06,0.09,355,0.0,0,0
0,25.31,25.31,24.88,25.44,0,0,0,0,0.07,0.04,0.05,0.09,345,0.0,0,0
0,25.19,25.19,24.94,25.88,15,17,67,47,0.08,0.05,0.06,0.08,355,0.0,0,0
0,25.63,25.69,25.25,25.88,0,0,0,0,0.08,0.06,0.06,0.06,575,-1.58461538462,0,0
0,25.31,25.31,25.25,26.0,15,20,68,49,0.08,0.06,0.06,0.11,355,0.0,0,0
1,26.06,25.69,25.63,26.31,117,27,45,26,0.07,0.05,0.06,0.06,615,0.869230769231,0,0
0,25.13,25.13,24.56,25.31,0,0,0,0,0.08,0.05,0.06,0.07,360,0.0,0,0
3,26.31,26.44,26.0,26.38,147,234,178,10,0.52,0.17,0.13,0.1,970,4.35,0,0
0,25.13,25.13,24.69,25.5,7,7,36,24,0.07,0.06,0.06,0.06,360,0.0307692307692,0,0
3,26.31,27.5,26.06,26.38,150,238,180,11,1.86,0.66,0.66,0.32,1200,2.08076923077,0,0
3,26.0,27.75,25.81,26.25,162,247,254,69,0.56,2.61,2.24,0.75,880,1.36538461538,1,1
0,25.38,25.38,25.25,26.06,18,22,78,57,0.07,0.05,0.06,0.1,355,0.0,0,0
3,26.19,27.19,26.06,26.31,165,255,280,73,0.09,0.43,0.18,0.07,965,1.53461538462,0,1
0,25.44,25.44,25.31,26.19,1,2,10,7,0.07,0.05,0.06,0.1,350,0.0,0,0
0,25.19,25.19,24.63,25.5,0,0,0,0,0.06,0.05,0.06,0.06,360,0.0115384615385,0,0
0,25.13,25.06,24.56,25.19,0,0,0,0,0.07,0.04,0.06,0.09,345,0.0,0,0
0,25.81,25.69,25.44,26.0,0,0,0,0,0.07,0.05,0.06,0.07,710,-2.01153846154,0,0
0,25.81,25.75,25.44,26.06,0,0,0,0,0.06,0.04,0.05,0.07,725,-2.15384615385,0,0
0,25.06,25.13,24.56,25.56,6,6,32,21,0.06,0.05,0.06,0.07,360,0.0,0,0
0,25.63,25.56,25.19,25.81,0,0,0,0,0.06,0.05,0.06,0.06,450,-2.24615384615,0,0
0,25.19,25.19,24.94,25.81,14,17,65,46,0.08,0.05,0.06,0.07,360,-0.0269230769231,0,0
1,26.06,25.75,25.56,26.31,119,29,52,31,0.08,0.05,0.07,0.06,595,0.219230769231,0,0
0,25.0,25.0,24.5,25.38,3,4,18,13,0.08,0.05,0.06,0.06,355,-0.00769230769231,0,0
2,26.06,27.19,25.5,26.44,161,249,78,58,1.63,2.74,0.62,0.78,610,1.06153846154,1,0
0,25.56,25.56,25.13,25.88,0,0,0,0,0.07,0.05,0.06,0.07,430,-1.08076923077,0,0
1,26.06,25.75,25.56,26.31,117,27,45,26,0.07,0.05,0.07,0.06,610,0.626923076923,0,0
0,25.19,25.19,24.69,25.19,0,0,0,0,0.07,0.05,0.05,0.09,345,0.0,0,0
0,25.81,25.75,25.38,26.0,0,0,0,0,0.07,0.05,0.06,0.06,705,-1.66153846154,0,0
0,25.75,26.81,25.5,26.19,9,9,49,36,0.08,0.06,0.05,0.06,430,-1.37307692308,0,0
0,25.31,25.31,24.94,25.44,0,0,0,0,0.07,0.05,0.05,0.08,345,-0.157692307692,0,0
0,25.88,25.94,25.56,26.06,0,0,0,0,0.07,0.05,0.06,0.07,840,-3.31538461538,0,0
1,25.0,24.81,24.56,25.5,101,34,57,43,3.84,0.64,0.48,0.39,390,-0.188461538462,1,1
0,25.06,25.06,24.56,25.19,0,0,0,0,0.08,0.04,0.05,0.09,345,0.0,0,0
0,25.31,25.31,24.94,25.44,0,0,0,0,0.07,0.05,0.06,0.08,350,-0.242307692308,0,0
0,25.13,25.06,24.63,25.38,6,6,33,22,0.08,0.04,0.08,0.1,350,0.0,0,0
0,25.31,25.38,24.94,25.81,0,0,0,0,0.08,0.05,0.06,0.09,355,0.0,0,0
1,26.06,26.75,25.56,26.31,118,22,33,22,0.06,0.05,0.11,0.06,490,0.738461538462,0,0
1,26.0,25.81,25.63,26.31,120,33,67,42,0.1,0.05,0.06,0.06,565,-0.407692307692,0,0
0,25.13,25.13,24.75,25.63,10,11,50,35,0.08,0.06,0.06,0.06,360,-0.0692307692308,0,0
2,26.0,26.0,25.38,26.25,161,252,81,61,0.42,0.97,0.89,0.23,555,5.10769230769,0,0
0,25.06,25.06,24.69,25.25,6,7,33,22,0.08,0.05,0.05,0.09,345,0.0,0,0
3,25.69,26.19,25.56,25.75,8,8,30,29,0.14,0.57,0.2,0.09,475,2.67307692308,0,1
0,25.13,25.06,24.56,25.19,0,0,0,0,0.08,0.05,0.06,0.08,345,0.0,0,0
0,25.44,25.38,25.0,25.75,0,0,0,0,0.06,0.05,0.06,0.06,370,-0.0576923076923,0,0
0,25.31,25.38,24.94,25.75,0,0,0,0,0.07,0.05,0.08,0.09,355,0.0,0,0
1,26.06,26.81,25.56,26.38,119,22,30,22,0.29,0.07,0.07,0.07,490,0.876923076923,0,0
0,25.44,25.44,25.38,26.19,11,14,58,42,0.08,0.05,0.07,0.1,355,0.0,0,0
0,25.38,25.38,24.94,25.81,0,0,0,0,0.08,0.05,0.06,0.1,355,0.0,0,0
0,25.31,25.38,24.88,25.75,0,0,0,0,0.06,0.05,0.06,0.06,370,-0.0346153846154,0,0
0,25.13,25.13,24.5,25.44,0,0,2,1,0.06,0.05,0.06,0.06,355,0.0192307692308,0,0
0,25.06,25.13,24.56,25.44,5,5,25,17,0.06,0.04,0.05,0.07,360,0.0,0,0
0,25.25,25.25,24.69,25.63,0,0,0,0,0.07,0.06,0.06,0.06,360,0.0,0,0
0,25.56,25.56,25.19,25.81,0,0,0,0,0.07,0.04,0.06,0.07,450,-1.03076923077,0,0
0,25.19,25.19,24.81,25.31,0,0,0,0,0.07,0.04,0.06,0.08,345,0.0,0,0
3,25.81,26.06,25.69,25.88,5,5,29,17,0.11,0.5,0.09,0.09,655,2.88846153846,0,1
0,25.06,25.06,24.44,25.31,0,0,6,4,0.08,0.05,0.06,0.06,355,0.0,0,0
0,25.94,26.13,25.63,26.13,0,0,0,0,0.08,0.05,0.07,0.07,950,-2.77692307692,0,0
0,25.25,25.25,24.75,25.63,0,0,0,0,0.08,0.05,0.06,0.1,355,0.0,0,0
0,25.44,25.44,25.0,25.75,0,0,0,0,0.07,0.05,0.07,0.07,380,0.0,0,0
0,25.44,25.44,25.13,26.06,0,0,0,0,0.08,0.06,0.07,0.09,350,-0.134615384615,0,0
0,25.06,25.0,24.44,25.38,4,4,20,14,0.08,0.05,0.06,0.06,355,0.0461538461538,0,0
0,25.5,25.5,25.13,25.88,0,0,0,0,0.06,0.04,0.06,0.06,405,-0.55,0,0
0,25.81,26.88,25.56,26.25,11,11,59,43,0.08,0.06,0.06,0.06,485,-1.89230769231,0,0
0,25.44,25.44,25.38,26.13,15,20,74,53,0.08,0.06,0.07,0.1,355,0.0,0,0
0,25.56,25.63,25.25,25.69,0,0,0,0,0.08,0.05,0.06,0.09,530,-2.65769230769,0,0
0,25.19,25.19,24.69,25.25,0,0,0,0,0.06,0.05,0.06,0.08,345,0.0,0,0
0,25.06,25.06,24.5,25.19,2,3,14,9,0.08,0.05,0.05,0.09,345,0.0,0,0
0,25.06,25.06,24.63,25.31,6,6,32,22,0.07,0.05,0.07,0.1,350,0.0,0,0
0,25.13,25.13,24.56,25.25,0,0,0,0,0.08,0.05,0.07,0.06,360,0.0,0,0
0,25.38,25.31,24.81,25.69,0,0,0,0,0.07,0.05,0.06,0.06,365,-0.0730769230769,0,0
0,25.44,25.44,25.25,26.13,0,0,6,5,0.07,0.05,0.06,0.1,350,0.0,0,0
0,25.38,25.44,25.06,25.88,0,0,0,0,0.08,0.05,0.06,0.1,355,0.0,0,0
0,25.44,25.44,25.25,26.06,0,0,0,0,0.07,0.05,0.06,0.09,350,0.0,0,0
0,25.06,25.06,24.56,25.13,1,1,10,6,0.08,0.05,0.06,0.1,350,0.0,0,0
0,25.31,25.31,24.88,25.38,0,0,0,0,0.07,0.04,0.05,0.09,345,0.0,0,0
0,25.19,25.19,24.63,25.5,0,0,0,0,0.08,0.05,0.06,0.1,355,-0.0807692307692,0,0
0,25.13,25.13,24.75,25.69,9,10,45,30,0.08,0.05,0.07,0.05,360,0.134615384615,0,0
0,26.13,26.44,25.88,26.25,0,0,0,0,0.07,0.05,0.07,0.06,1120,-5.42307692308,0,0
0,25.56,25.5,25.25,25.63,0,0,0,0,0.07,0.05,0.06,0.09,485,-1.48846153846,0,0
0,25.44,25.44,25.19,26.0,0,0,0,0,0.08,0.05,0.06,0.11,355,0.111538461538,0,0
2,26.0,26.0,25.44,26.25,161,252,82,61,1.5,1.4,0.46,0.49,545,5.03461538462,0,0
0,25.13,25.13,24.63,25.44,6,7,35,23,0.08,0.05,0.07,0.06,360,7.69801162017e-19,0,0
0,25.06,25.13,24.5,25.44,1,1,8,5,0.07,0.05,0.06,0.06,360,0.157692307692,0,0
0,25.44,25.44,25.06,25.56,0,0,0,0,0.07,0.04,0.06,0.08,375,-0.176923076923,0,0
0,25.69,25.75,25.38,25.75,0,0,0,0,0.07,0.04,0.05,0.09,670,-2.74615384615,0,0
0,25.44,25.44,25.13,26.06,0,0,0,0,0.08,0.06,0.07,0.11,350,-0.0307692307692,0,0
0,25.44,25.44,24.94,25.69,0,0,0,0,0.06,0.05,0.06,0.07,370,0.0,0,0
0,25.19,25.25,24.63,25.63,0,0,0,0,0.06,0.06,0.07,0.06,360,0.0,0,0
0,25.31,25.31,25.25,26.0,17,20,72,53,0.07,0.05,0.06,0.1,355,0.0,0,0
0,25.94,27.0,25.5,26.31,14,14,67,49,0.08,0.06,0.06,0.09,645,-0.407692307692,0,0
0,25.19,25.13,24.63,25.5,0,0,0,0,0.08,0.05,0.06,0.06,360,0.0,0,0
0,25.25,25.31,24.75,25.63,0,0,0,0,0.07,0.05,0.06,0.06,360,0.0,0,0
0,25.44,25.44,25.38,26.19,3,3,17,12,0.08,0.05,0.06,0.1,350,-0.0461538461538,0,0
0,25.75,25.75,25.38,26.0,0,0,0,0,0.07,0.04,0.06,0.06,700,-1.88076923077,0,0
0,25.56,25.56,25.13,25.81,0,0,0,0,0.07,0.05,0.07,0.06,460,-0.992307692308,0,0
0,25.5,25.5,25.13,25.63,0,0,0,0,0.07,0.04,0.05,0.09,390,-1.66538461538,0,0
0,25.06,25.06,24.56,25.06,2,2,14,9,0.09,0.05,0.06,0.1,350,0.0,0,0
0,25.5,25.44,25.06,25.56,0,0,0,0,0.07,0.05,0.06,0.08,380,-0.126923076923,0,0
0,25.25,25.31,24.81,25.38,0,0,0,0,0.06,0.04,0.05,0.08,345,0.0,0,0
0,25.31,25.31,24.81,25.69,0,0,0,0,0.07,0.05,0.06,0.06,365,0.0269230769231,0,0
2,26.25,26.19,26.0,26.31,114,19,179,7,0.26,0.17,0.49,0.12,1030,-0.896153846154,1,0
0,26.19,26.81,26.06,26.38,19,23,100,61,0.07,0.05,0.09,0.06,970,-0.176923076923,0,0
0,25.44,25.44,25.06,26.0,0,0,0,0,0.08,0.05,0.06,0.1,355,0.107692307692,0,0
0,25.19,25.19,24.63,25.5,0,0,0,0,0.06,0.05,0.06,0.05,360,0.0,0,0
0,25.19,25.25,24.69,25.56,0,0,0,0,0.06,0.05,0.06,0.06,360,0.0,0,0
0,25.31,25.38,24.88,25.75,0,0,0,0,0.07,0.05,0.06,0.1,355,0.0,0,0
0,25.38,25.38,25.06,25.81,0,0,0,0,0.1,0.09,0.1,0.1,355,0.0692307692308,0,0
0,25.88,25.94,25.5,26.06,0,0,0,0,0.07,0.05,0.07,0.07,800,-2.75769230769,0,0
0,25.19,25.19,24.81,25.69,12,14,55,39,0.08,0.05,0.06,0.06,360,-0.0269230769231,0,0
0,25.38,25.38,24.88,25.75,0,0,0,0,0.07,0.05,0.07,0.06,365,0.0,0,0
0,25.44,25.44,25.13,25.56,0,0,0,0,0.07,0.05,0.06,0.08,375,-0.111538461538,0,0
0,25.31,25.31,24.75,25.63,0,0,0,0,0.07,0.04,0.06,0.06,360,0.0,0,0
2,25.81,25.75,25.31,26.19,159,249,74,54,1.14,0.32,0.21,0.08,415,1.12692307692,1,0
0,25.19,25.19,24.63,25.5,0,0,0,0,0.06,0.05,0.06,0.06,360,-0.0230769230769,0,0
2,26.06,27.06,25.44,26.31,160,247,80,60,0.71,0.82,0.27,0.24,590,1.82692307692,1,0
2,26.25,26.19,25.94,26.31,114,19,179,7,0.53,0.12,0.21,0.11,1030,-0.165384615385,0,0
2,25.75,25.56,25.19,26.06,157,249,75,55,0.63,0.8,0.31,0.2,385,0.276923076923,0,1
0,25.38,25.38,24.88,25.75,0,0,0,0,0.07,0.05,0.06,0.06,365,0.0,0,0
0,25.31,25.31,24.81,25.69,0,0,0,0,0.06,0.05,0.06,0.07,360,-0.0615384615385,0,0
0,25.13,25.19,24.56,25.5,0,0,0,0,0.06,0.05,0.06,0.06,360,-0.0692307692308,0,0
0,25.81,25.75,25.5,26.06,0,0,0,0,0.07,0.04,0.06,0.07,765,-2.46923076923,0,0
0,25.06,25.06,24.69,25.19,6,7,32,21,0.08,0.05,0.06,0.09,345,0.0,0,0
0,25.13,25.06,24.63,25.13,6,7,32,21,0.07,0.04,0.05,0.08,345,0.0,0,0
0,25.44,25.44,25.06,26.0,0,0,0,0,0.08,0.05,0.05,0.11,355,-0.0961538461538,0,0
0,25.75,26.81,25.5,26.25,10,11,56,41,0.08,0.06,0.05,0.06,465,-2.23076923077,0,0
2,25.63,27.38,25.13,25.94,157,244,77,59,0.07,0.21,0.2,0.06,600,1.1,1,0
0,25.19,25.19,24.69,25.25,0,0,0,0,0.07,0.05,0.07,0.09,345,0.0,0,0
0,25.19,25.19,24.69,25.25,0,0,0,0,0.07,0.05,0.05,0.09,345,0.0,0,0
0,25.5,25.5,25.06,25.81,0,0,0,0,0.06,0.04,0.06,0.06,390,-1.02307692308,0,0
0,25.38,25.44,24.94,25.5,0,0,0,0,0.07,0.05,0.07,0.06,370,-0.269230769231,0,0
1,25.63,25.38,25.13,25.94,123,37,67,49,0.62,0.22,0.2,0.13,375,0.288461538462,0,0
1,25.63,25.31,25.13,25.94,123,37,69,49,1.19,0.37,0.19,0.15,375,0.0461538461538,1,0
0,25.13,25.13,24.81,25.69,10,11,50,35,0.08,0.05,0.06,0.05,360,0.138461538462,0,0
1,25.63,25.38,25.19,26.0,124,40,75,54,0.73,0.28,0.21,0.12,380,0.296153846154,1,0
3,26.0,27.75,25.81,26.19,163,252,266,69,0.06,0.06,0.14,0.09,875,1.1,0,0
0,25.19,25.25,24.69,25.56,0,0,0,0,0.07,0.06,0.06,0.1,355,0.0,0,0
0,25.5,25.44,25.13,25.56,0,0,0,0,0.07,0.04,0.07,0.08,380,-0.126923076923,0,0
0,25.13,25.13,24.63,25.25,0,0,0,0,0.08,0.04,0.05,0.08,345,0.0,0,0
0,25.38,25.38,24.88,25.69,0,0,0,0,0.06,0.05,0.06,0.06,365,0.0,0,0
0,25.25,25.19,24.69,25.56,0,0,0,0,0.07,0.06,0.06,0.06,360,-0.184615384615,0,0
0,25.38,25.38,24.94,25.81,0,0,0,0,0.08,0.05,0.05,0.09,355,0.0,0,0
0,25.44,25.44,25.06,25.94,0,0,0,0,0.08,0.05,0.07,0.11,355,0.0,0,0
0,25.13,25.13,24.63,25.31,0,0,0,0,0.08,0.05,0.06,0.08,345,0.0,0,0
0,25.19,25.19,24.63,25.44,0,0,0,0,0.08,0.05,0.07,0.06,360,0.0,0,0
1,26.06,26.81,25.5,26.38,117,21,27,20,0.13,0.06,0.06,0.06,510,1.62307692308,1,0
0,25.31,25.31,24.81,25.63,0,0,0,0,0.07,0.06,0.06,0.06,365,-0.05,0,0
0,25.19,25.19,24.69,25.25,0,0,0,0,0.08,0.05,0.06,0.09,345,0.0,0,0
0,25.44,25.44,25.06,25.5,0,0,0,0,0.06,0.06,0.06,0.06,375,-0.219230769231,0,0
0,25.31,25.31,24.81,25.69,0,0,0,0,0.07,0.05,0.06,0.06,360,0.0,0,0
1,26.13,25.75,25.56,26.38,115,25,38,21,0.07,0.05,0.07,0.07,620,0.296153846154,0,0
0,25.25,25.25,24.63,25.5,0,0,0,0,0.07,0.05,0.06,0.06,360,-0.0307692307692,0,0
0,25.44,25.5,25.06,25.94,0,0,0,0,0.07,0.05,0.05,0.1,355,0.0923076923077,0,0
0,25.13,25.13,24.63,25.25,0,0,0,0,0.08,0.05,0.05,0.09,345,0.0,0,0
0,25.81,25.88,25.69,26.31,13,16,79,49,0.07,0.05,0.12,0.1,655,-1.73461538462,0,0
0,25.31,25.31,24.81,25.69,0,0,0,0,0.06,0.05,0.07,0.06,360,-0.0923076923077,0,0
0,25.13,25.13,24.63,25.25,0,0,0,0,0.08,0.04,0.06,0.08,345,0.0,0,0
0,25.44,25.44,25.06,25.94,0,0,0,0,0.07,0.05,0.06,0.09,355,-0.0615384615385,0,0
0,25.19,25.19,24.69,25.56,0,0,0,0,0.07,0.05,0.06,0.1,355,0.0,0,0
0,25.63,25.63,25.25,25.81,0,0,0,0,0.07,0.05,0.06,0.06,530,-1.81923076923,0,0
0,25.38,25.44,25.38,26.13,18,22,81,59,0.07,0.06,0.06,0.1,355,0.0,0,0
0,25.38,25.38,25.06,25.5,0,0,0,0,0.07,0.05,0.06,0.08,370,-0.215384615385,0,0
0,26.0,26.19,25.75,26.19,0,0,0,0,0.07,0.05,0.06,0.08,1005,-3.22692307692,0,0
0,25.31,25.38,25.31,26.0,20,24,83,61,0.08,0.05,0.06,0.09,355,0.0,0,0
3,26.31,26.63,26.06,26.44,149,235,180,10,1.88,1.05,3.49,0.94,1170,2.75,0,1
0,25.13,25.13,24.5,25.5,5,5,26,18,0.06,0.05,0.06,0.06,360,0.0,0,0
3,26.19,26.06,25.81,26.31,150,237,186,11,0.44,0.19,0.06,0.06,790,1.50384615385,0,0
0,25.31,25.31,24.81,25.75,0,0,0,0,0.07,0.05,0.06,0.06,365,-0.0692307692308,0,0
0,25.38,25.38,25.31,26.06,19,23,81,60,0.07,0.04,0.06,0.1,355,0.0,0,0
0,25.06,25.06,24.56,25.31,6,6,33,21,0.08,0.05,0.06,0.06,360,0.0,0,0
0,25.19,25.25,24.75,25.25,0,0,0,0,0.07,0.05,0.06,0.09,345,0.0,0,0
3,26.19,27.31,26.13,26.44,163,253,267,70,0.13,0.13,0.2,0.79,965,1.65769230769,1,1
0,25.19,25.19,24.69,25.5,0,0,0,0,0.07,0.05,0.06,0.1,355,0.0,0,0
0,25.19,25.19,24.69,25.25,0,0,0,0,0.08,0.04,0.05,0.09,345,0.0,0,0
0,25.88,26.13,25.69,25.94,0,0,0,0,0.07,0.04,0.04,0.09,835,-0.00769230769231,0,0
2,26.19,25.81,25.69,26.31,118,22,187,10,0.09,0.26,1.02,0.21,725,2.58076923077,0,1
1,26.0,25.81,25.63,26.25,120,33,67,42,0.13,0.05,0.06,0.06,560,-0.430769230769,0,0
0,25.06,25.13,24.5,25.38,2,2,13,8,0.07,0.05,0.06,0.06,355,0.0115384615385,0,0
2,26.19,25.88,25.69,26.31,118,23,188,11,0.89,0.7,1.97,0.55,700,2.50769230769,0,0
0,25.06,25.13,24.56,25.44,6,6,32,21,0.07,0.05,0.06,0.07,360,0.0,0,0
0,25.38,25.38,24.88,25.75,0,0,0,0,0.08,0.05,0.06,0.11,355,0.0,0,0
0,25.38,25.38,24.94,25.88,0,0,0,0,0.08,0.05,0.07,0.11,355,0.0,0,0
0,25.19,25.25,25.0,25.88,14,15,63,45,0.08,0.05,0.06,0.06,360,-0.1,0,0
0,25.5,25.44,25.06,25.56,0,0,0,0,0.07,0.06,0.06,0.09,380,-0.161538461538,0,0
0,25.19,25.19,24.69,25.5,0,0,0,0,0.07,0.06,0.06,0.05,360,0.0,0,0
0,25.44,25.44,25.0,25.56,0,0,0,0,0.07,0.05,0.06,0.05,370,-0.211538461538,0,0
0,25.19,25.19,24.69,25.25,0,0,0,0,0.07,0.05,0.05,0.08,345,0.0,0,0
0,25.31,25.31,24.81,25.69,0,0,0,0,0.08,0.05,0.07,0.1,355,0.0,0,0
0,25.31,25.31,24.75,25.63,0,0,0,0,0.06,0.05,0.06,0.06,360,-0.05,0,0
3,26.13,27.13,25.94,26.31,164,254,276,70,0.16,0.12,0.58,0.11,905,1.63076923077,1,1
3,26.38,28.06,26.13,26.44,142,228,173,10,0.27,0.3,0.07,0.13,1265,1.95769230769,1,0
0,25.19,25.19,25.0,25.88,15,18,68,48,0.08,0.08,0.07,0.1,355,0.0,0,0
0,25.75,25.69,25.31,25.94,0,0,0,0,0.06,0.05,0.06,0.06,665,-1.95384615385,0,0
0,25.31,25.38,24.88,25.81,0,0,0,0,0.07,0.06,0.07,0.1,355,0.0,0,0
0,25.19,25.19,24.69,25.31,0,0,0,0,0.08,0.05,0.06,0.08,345,0.0,0,0
2,26.25,26.38,25.94,26.31,117,19,183,7,0.2,0.08,0.25,0.07,1060,1.92307692308,0,0
0,25.06,25.06,24.63,25.5,8,8,40,26,0.08,0.04,0.06,0.06,360,-0.0307692307692,0,0
0,25.06,25.06,24.44,25.19,0,0,0,0,0.08,0.06,0.06,0.06,355,-0.180769230769,0,0
3,25.75,28.56,25.19,26.06,158,245,205,65,0.91,0.29,2.83,0.29,650,0.434615384615,1,1
0,25.31,25.31,24.81,25.69,0,0,0,0,0.07,0.05,0.07,0.1,355,0.0,0,0
2,26.25,26.38,25.94,26.25,113,19,178,7,1.73,0.5,3.66,0.64,1035,-0.476923076923,1,1
0,25.63,25.69,25.31,25.75,0,0,0,0,0.08,0.05,0.05,0.09,625,-1.49230769231,0,0
0,25.19,25.19,24.69,25.25,0,0,0,0,0.07,0.04,0.06,0.08,345,0.0,0,0
1,25.06,24.88,24.63,25.56,122,35,58,44,0.24,0.05,0.1,0.05,395,-0.711538461538,0,0
0,25.06,25.06,24.56,25.19,0,0,0,0,0.08,0.05,0.06,0.09,345,0.0,0,0
0,26.06,27.13,25.5,26.38,15,15,71,51,0.07,0.06,0.06,0.06,665,2.59230769231,0,0
0,25.38,25.44,25.31,26.13,19,23,84,60,0.08,0.05,0.06,0.09,355,0.0,0,0
0,25.25,25.31,25.19,25.88,17,20,74,53,0.07,0.05,0.07,0.1,355,0.0,0,0
0,25.5,25.5,25.19,25.63,0,0,0,0,0.08,0.04,0.05,0.09,385,-0.3,0,0
0,25.06,25.06,24.56,25.38,7,8,38,25,0.07,0.04,0.06,0.11,355,0.0,0,0
3,26.19,27.31,26.0,26.38,165,255,278,73,0.83,0.36,0.21,0.17,960,1.58846153846,1,1
3,26.31,26.63,26.06,26.44,150,236,180,10,1.13,0.82,2.25,0.83,1145,2.35,1,1
3,26.25,26.31,25.88,26.38,150,234,185,10,0.3,0.79,0.22,0.18,970,1.99230769231,0,0
0,25.19,25.13,24.69,25.25,0,0,0,0,0.08,0.04,0.05,0.09,345,0.0,0,0
2,25.38,25.44,24.81,25.81,157,242,69,54,0.58,0.56,0.25,0.16,450,0.538461538462,0,1
0,25.5,25.5,25.13,25.94,0,0,0,0,0.07,0.05,0.06,0.06,405,-0.615384615385,0,0
0,25.31,25.31,24.81,25.69,0,0,0,0,0.07,0.05,0.05,0.09,355,0.0,0,0
2,26.25,26.19,26.0,26.38,114,19,180,7,0.08,0.05,0.1,0.07,1040,-0.446153846154,0,0
0,25.19,25.19,24.69,25.44,0,0,0,0,0.08,0.05,0.07,0.09,355,0.0,0,0
0,25.06,25.06,24.63,25.25,6,6,32,22,0.08,0.05,0.07,0.09,350,0.0,0,0
0,25.13,25.13,24.69,25.19,6,7,33,22,0.08,0.05,0.06,0.08,345,0.0,0,0
0,25.19,25.19,24.69,25.31,0,0,0,0,0.08,0.05,0.05,0.08,345,0.0,0,0
0,25.81,25.94,25.5,25.88,0,0,0,0,0.08,0.06,0.06,0.09,755,-2.08846153846,0,0
0,25.25,25.25,24.81,25.31,0,0,0,0,0.07,0.04,0.05,0.1,345,0.0,0,0
3,25.94,28.19,25.5,26.13,162,247,228,70,0.79,0.81,1.36,1.84,835,8.09615384615,1,0
0,25.38,25.38,25.38,26.13,18,22,80,58,0.08,0.06,0.06,0.11,355,0.0,0,0
0,25.13,25.13,24.56,25.25,0,0,3,2,0.07,0.05,0.08,0.1,350,-0.0230769230769,0,0
2,26.19,25.75,25.75,26.31,116,25,185,18,0.58,0.07,1.32,0.09,680,2.44230769231,0,1
0,25.38,25.38,24.94,25.88,0,0,0,0,0.08,0.05,0.06,0.1,355,0.0,0,0
0,25.56,25.56,25.19,25.75,0,0,0,0,0.06,0.05,0.06,0.07,455,-2.28076923077,0,0
0,25.19,25.19,24.88,25.81,14,16,64,45,0.08,0.05,0.06,0.1,355,0.0,0,0
3,26.0,27.81,25.81,26.19,164,252,268,70,0.07,0.1,0.19,0.06,865,0.976923076923,1,0
0,25.81,25.88,25.5,26.0,0,0,0,0,0.08,0.04,0.06,0.06,795,-2.73076923077,0,0
0,25.44,25.44,25.13,26.0,0,0,0,0,0.07,0.05,0.07,0.1,350,-0.0692307692308,0,0
0,25.44,25.44,25.44,26.19,7,9,38,27,0.08,0.07,0.06,0.09,355,0.0,0,0
0,25.38,25.44,25.06,25.81,0,0,0,0,0.08,0.05,0.07,0.09,355,0.0346153846154,0,0
0,25.31,25.31,24.81,25.69,0,0,0,0,0.07,0.06,0.06,0.1,355,0.0,0,0
0,25.63,25.63,25.25,25.88,0,0,0,0,0.08,0.05,0.06,0.06,485,-1.44615384615,0,0
0,25.44,25.44,25.06,26.0,0,0,0,0,0.07,0.05,0.06,0.09,355,0.169230769231,0,0
0,25.25,25.25,24.88,25.38,0,0,0,0,0.07,0.04,0.05,0.08,345,0.0,0,0
3,25.5,25.69,25.38,25.63,10,12,57,36,0.27,0.57,0.13,0.09,370,0.646153846154,0,1
0,25.81,25.69,25.38,26.0,0,0,0,0,0.06,0.06,0.06,0.07,680,-1.55,0,0
0,25.13,25.13,24.56,25.5,0,0,0,0,0.08,0.05,0.05,0.05,360,0.0,0,0
0,25.31,25.38,24.88,25.69,0,0,0,0,0.07,0.05,0.07,0.06,370,0.0,0,0
0,25.13,25.19,24.56,25.44,0,0,0,0,0.07,0.05,0.06,0.06,355,0.0961538461538,0,0
1,25.69,25.38,25.19,25.94,124,39,74,53,0.55,0.25,0.12,0.13,380,0.219230769231,1,0
0,25.5,25.5,25.19,25.63,0,0,0,0,0.07,0.06,0.05,0.09,430,-2.05769230769,0,0
0,25.56,25.56,25.13,25.88,0,0,0,0,0.07,0.05,0.07,0.06,425,-1.10769230769,0,0
3,25.81,26.06,25.69,25.88,5,7,24,21,0.24,0.12,0.08,0.09,605,3.58076923077,1,1
0,25.31,25.31,24.75,25.63,0,0,0,0,0.07,0.04,0.06,0.06,360,0.0,0,0
0,25.19,25.19,24.75,25.25,0,0,0,0,0.07,0.04,0.05,0.08,345,0.0,0,0
0,25.19,25.19,24.88,25.88,14,15,62,45,0.08,0.05,0.06,0.1,355,0.0,0,0
0,25.13,25.19,24.69,25.25,0,0,0,0,0.08,0.04,0.05,0.08,345,0.0,0,0
0,25.94,25.88,25.56,26.06,0,0,0,0,0.07,0.04,0.06,0.06,860,-2.7,0,0
0,25.13,25.19,24.63,25.25,0,0,0,0,0.08,0.05,0.05,0.08,345,0.0,0,0
0,25.44,25.44,25.38,26.13,6,8,35,24,0.08,0.05,0.05,0.1,355,-0.238461538462,0,0
0,25.13,25.06,24.56,25.19,0,0,0,0,0.08,0.04,0.06,0.08,345,0.0,0,0
0,25.06,25.06,24.63,25.5,9,10,45,30,0.07,0.04,0.06,0.09,355,0.0,0,0
0,26.25,26.69,25.94,26.25,0,0,0,0,0.07,0.05,0.06,0.07,1180,-2.74615384615,0,0
2,25.94,25.94,25.31,26.19,162,254,83,62,0.63,1.54,0.4,0.34,435,-1.77307692308,0,0
3,26.31,27.94,26.06,26.44,150,239,182,10,0.39,0.29,0.82,0.07,1225,1.35,0,0
0,25.44,25.44,25.31,26.13,0,0,5,3,0.08,0.06,0.06,0.1,350,0.0,0,0
0,25.81,26.88,25.56,26.25,12,12,63,45,0.08,0.06,0.06,0.06,505,-1.61153846154,0,0
0,25.38,25.31,25.0,25.44,0,0,0,0,0.07,0.05,0.06,0.08,355,-0.253846153846,0,0
0,25.25,25.19,25.0,25.81,17,20,75,53,0.08,0.06,0.06,0.1,355,0.0,0,0
0,25.31,25.31,25.19,25.94,17,20,75,54,0.07,0.05,0.07,0.09,355,0.0,0,0
0,25.06,25.06,24.44,25.31,0,0,7,5,0.08,0.05,0.06,0.06,355,0.0,0,0
0,25.13,25.13,24.75,25.69,10,11,50,34,0.08,0.04,0.06,0.06,355,0.153846153846,0,0
0,25.38,25.38,24.94,25.81,0,0,0,0,0.07,0.05,0.06,0.09,355,0.0,0,0
0,25.25,25.25,24.81,25.31,0,0,0,0,0.07,0.05,0.05,0.08,345,0.0,0,0
0,25.0,25.06,24.63,25.44,8,9,41,28,0.08,0.05,0.06,0.09,355,0.0,0,0
0,25.31,25.38,24.81,25.69,0,0,0,0,0.06,0.05,0.06,0.07,365,-0.00769230769231,0,0
0,25.06,25.06,24.44,25.31,0,0,0,0,0.07,0.05,0.05,0.06,355,0.0,0,0
0,25.06,25.06,24.56,25.13,5,5,22,15,0.08,0.05,0.05,0.08,345,0.0,0,0
0,25.44,25.44,25.38,26.13,5,5,24,18,0.07,0.05,0.06,0.1,350,0.0461538461538,0,0
0,25.44,25.44,25.13,26.0,0,0,0,0,0.08,0.05,0.05,0.1,355,-0.0192307692308,0,0
3,26.31,28.0,26.06,26.44,150,239,181,11,0.73,0.77,0.53,0.63,1220,1.01538461538,0,0
2,26.06,27.13,25.5,26.38,161,249,78,58,1.06,1.62,0.43,0.38,610,1.20769230769,0,0
2,25.38,25.44,24.81,25.81,157,242,67,53,0.44,0.63,0.25,0.1,455,0.696153846154,1,0
0,25.25,25.25,24.75,25.56,0,0,0,0,0.07,0.05,0.06,0.1,355,0.0,0,0
2,25.88,25.94,25.31,26.25,161,253,82,60,0.91,0.4,0.25,0.26,500,2.12307692308,1,1
0,25.06,25.06,24.5,25.19,1,1,10,6,0.08,0.05,0.05,0.08,345,0.0,0,0
2,26.13,25.81,25.63,26.31,118,24,192,14,0.41,0.09,0.08,0.1,625,2.14615384615,0,0
2,26.13,25.75,25.75,26.25,116,25,188,17,3.02,0.49,1.49,0.38,690,2.61153846154,1,0
0,25.25,25.25,24.69,25.56,0,0,0,0,0.06,0.05,0.07,0.06,360,0.0,0,0
0,25.38,25.38,24.94,25.69,0,0,0,0,0.07,0.05,0.06,0.06,365,-0.138461538462,0,0
1,25.06,24.88,24.63,25.5,123,35,57,43,0.21,0.15,0.07,0.06,390,-0.453846153846,1,0
3,26.25,25.88,25.88,26.38,149,237,179,11,0.34,1.95,0.96,0.33,835,0.938461538462,1,1
0,25.56,25.5,25.25,25.69,0,0,0,0,0.07,0.05,0.06,0.09,480,-0.853846153846,0,0
0,25.19,25.13,24.69,25.31,0,0,0,0,0.07,0.05,0.05,0.09,345,0.0,0,0
3,25.69,26.19,25.56,25.75,8,8,30,28,0.09,0.38,0.19,0.09,480,2.67692307692,0,1
0,25.56,25.56,25.13,25.69,0,0,0,0,0.07,0.05,0.06,0.06,420,-1.41923076923,0,0
1,25.69,25.38,25.13,25.94,123,38,70,50,0.71,0.34,0.19,0.14,375,0.3,1,0
0,25.38,25.38,24.88,25.75,0,0,0,0,0.06,0.05,0.06,0.05,365,0.0,0,0
0,25.13,25.13,24.63,25.25,0,0,0,0,0.07,0.04,0.06,0.07,345,0.0,0,0
0,25.38,25.44,25.38,26.19,15,19,72,52,0.08,0.05,0.06,0.09,355,0.0,0,0
0,25.63,25.63,25.19,25.81,0,0,0,0,0.06,0.05,0.06,0.06,475,-1.80769230769,0,0
0,25.25,25.25,24.75,25.63,0,0,0,0,0.08,0.04,0.07,0.11,355,0.0,0,0
0,25.56,25.56,25.25,25.69,0,0,0,0,0.15,0.05,0.06,0.1,495,-1.78076923077,0,0
0,25.13,25.13,24.63,25.25,0,0,0,0,0.08,0.05,0.06,0.09,345,0.0,0,0
0,25.31,25.31,24.81,25.63,0,0,0,0,0.08,0.05,0.06,0.06,365,-0.0576923076923,0,0
0,25.19,25.19,24.63,25.5,0,0,0,0,0.06,0.04,0.05,0.06,360,-0.0923076923077,0,0
0,25.25,25.25,25.06,25.88,18,20,77,54,0.08,0.06,0.06,0.09,355,0.0,0,0
2,26.06,27.06,25.5,26.31,160,248,75,57,0.07,0.15,0.06,0.07,595,1.53846153846,0,0
0,25.44,25.44,24.94,25.56,0,0,0,0,0.07,0.04,0.06,0.07,375,0.0,0,0
2,26.13,25.81,25.63,26.38,118,24,194,15,1.05,0.57,0.53,0.69,595,1.5,0,1
0,25.81,25.88,25.5,25.81,0,0,0,0,0.07,0.05,0.05,0.09,755,-1.97692307692,0,0
2,25.38,25.44,24.88,25.75,155,234,63,49,1.77,1.08,0.2,0.08,450,0.896153846154,1,1
0,25.38,25.44,24.94,25.75,0,0,0,0,0.07,0.05,0.06,0.06,370,0.0153846153846,0,0
0,25.06,25.0,24.56,25.31,5,6,31,21,0.08,0.05,0.06,0.06,360,0.0,0,0
0,25.19,25.19,24.63,25.44,0,0,0,0,0.08,0.05,0.05,0.05,360,0.0,0,0
0,25.0,25.06,24.5,25.38,5,5,29,20,0.08,0.05,0.05,0.06,360,0.0,0,0
0,25.31,25.31,24.88,25.69,0,0,0,0,0.07,0.05,0.06,0.09,355,0.0,0,0
0,25.25,25.31,24.81,25.69,0,0,0,0,0.06,0.05,0.06,0.06,365,0.0,0,0
0,25.13,25.13,24.56,25.19,0,0,0,0,0.08,0.04,0.06,0.09,345,0.0,0,0
0,25.44,25.44,25.06,25.88,0,0,0,0,0.08,0.05,0.06,0.1,355,0.0269230769231,0,0
0,25.5,25.5,25.19,25.63,0,0,0,0,0.07,0.05,0.05,0.09,435,-2.12692307692,0,0
0,25.44,25.44,25.13,26.06,0,0,0,0,0.07,0.05,0.06,0.1,350,-0.138461538462,0,0
0,25.88,26.88,25.5,26.25,14,14,67,49,1.61,0.32,0.49,0.11,530,-3.81153846154,1,0
0,25.38,25.38,25.0,25.88,0,0,0,0,0.07,0.05,0.06,0.1,355,0.0,0,0
0,25.13,25.06,24.69,25.19,6,7,32,21,0.08,0.05,0.05,0.08,345,0.0,0,0
0,25.25,25.31,25.13,25.88,17,20,74,53,0.08,0.06,0.06,0.1,355,0.0,0,0
0,25.5,25.5,25.13,25.75,0,0,0,0,0.07,0.05,0.05,0.06,385,-0.261538461538,0,0
0,25.06,25.06,24.56,25.19,5,5,27,19,0.08,0.05,0.06,0.09,350,0.0,0,0
0,25.06,25.06,24.56,25.19,0,0,5,3,0.08,0.05,0.1,0.1,345,0.0,0,0
0,25.56,25.56,25.13,25.88,0,0,0,0,0.07,0.05,0.07,0.06,440,-1.13076923077,0,0
1,26.06,26.81,25.56,26.31,118,22,33,23,0.18,0.05,0.07,0.07,475,0.911538461538,0,0
0,25.06,25.06,24.5,25.38,1,1,8,5,0.08,0.05,0.06,0.07,355,0.0,0,0
0,25.94,27.0,25.5,26.31,14,14,69,50,0.08,0.07,0.06,0.07,640,-1.14615384615,0,0
2,25.94,26.19,25.88,25.94,147,232,173,20,0.28,0.35,0.6,0.13,810,-0.415384615385,1,1
0,25.38,25.44,25.38,26.13,17,21,77,56,0.09,0.05,0.06,0.11,355,0.0,0,0
0,25.19,25.19,24.56,25.56,0,0,0,0,0.07,0.05,0.06,0.06,360,0.0115384615385,0,0
0,25.06,25.06,24.5,25.13,1,1,9,5,0.08,0.04,0.06,0.08,345,0.0,0,0
0,25.19,25.19,24.63,25.5,0,0,0,0,0.08,0.05,0.06,0.11,355,0.0,0,0
0,25.0,25.06,24.44,25.38,5,5,27,18,0.08,0.05,0.06,0.06,360,-0.00384615384615,0,0
0,25.19,25.19,24.69,25.25,0,0,0,0,0.07,0.05,0.05,0.09,345,0.0,0,0
0,25.19,25.25,24.81,25.31,0,0,0,0,0.06,0.04,0.06,0.08,345,0.0,0,0
0,25.31,25.38,24.81,25.69,0,0,0,0,0.06,0.05,0.05,0.07,360,0.0269230769231,0,0
0,25.06,25.06,24.5,25.19,5,6,31,20,0.08,0.05,0.06,0.05,360,0.0,0,0
0,25.44,25.44,25.13,26.0,0,0,0,0,0.07,0.05,0.06,0.1,350,0.0153846153846,0,0
0,25.13,25.19,24.63,25.5,0,0,0,0,0.06,0.05,0.06,0.07,355,-0.0538461538462,0,0
0,25.69,25.75,25.38,25.75,0,0,0,0,0.07,0.05,0.06,0.09,665,-3.13461538462,0,0
3,26.0,28.0,25.69,26.19,164,252,225,70,0.61,0.45,3.65,0.87,850,5.81153846154,1,1
0,25.13,25.13,24.56,25.19,0,0,0,0,0.08,0.04,0.05,0.08,345,0.0,0,0
0,25.0,25.06,24.44,25.38,0,0,6,4,0.08,0.05,0.06,0.07,355,0.0,0,0
0,25.19,25.19,24.75,25.25,0,0,0,0,0.08,0.04,0.05,0.08,345,0.0,0,0
0,25.13,25.13,24.81,25.69,11,12,53,36,0.08,0.05,0.06,0.06,360,0.107692307692,0,0
2,26.13,25.81,25.56,26.31,119,24,195,17,0.5,0.54,1.58,0.41,570,1.84230769231,0,1
2,25.69,27.94,25.13,26.06,155,242,77,60,0.52,0.7,0.69,0.2,635,1.96153846154,1,1
0,25.38,25.44,25.38,26.19,19,23,83,59,0.07,0.05,0.06,0.1,355,0.0,0,0
0,25.06,25.0,24.44,25.31,0,0,5,4,0.08,0.05,0.07,0.06,355,0.0,0,0
0,25.38,25.38,24.94,25.81,0,0,0,0,0.07,0.05,0.06,0.09,355,0.0,0,0
3,26.25,26.19,25.88,26.31,149,235,185,10,0.11,0.56,0.1,0.09,840,2.1,1,1
0,25.25,25.25,24.69,25.63,0,0,0,0,0.07,0.05,0.07,0.06,360,0.0,0,0
0,25.31,25.31,24.81,25.69,0,0,0,0,0.06,0.06,0.07,0.06,365,-0.134615384615,0,0
0,25.44,25.44,25.13,26.0,0,0,0,0,0.09,0.06,0.06,0.1,350,-0.157692307692,0,0
0,25.19,25.19,24.75,25.25,0,0,0,0,0.07,0.04,0.06,0.08,345,0.0,0,0
0,25.31,25.31,24.88,25.75,0,0,0,0,0.08,0.06,0.06,0.09,355,0.0,0,0
0,25.44,25.44,25.38,26.13,6,7,35,24,0.08,0.05,0.06,0.1,350,-0.0307692307692,0,0
0,25.31,25.31,24.88,25.75,0,0,0,0,0.07,0.05,0.06,0.06,370,0.0,0,0
0,25.44,25.44,25.13,26.0,0,0,0,0,0.08,0.04,0.06,0.11,350,0.126923076923,0,0
0,25.25,25.25,24.81,25.31,0,0,0,0,0.08,0.05,0.06,0.09,345,0.0,0,0
0,25.31,25.31,24.81,25.63,0,0,0,0,0.07,0.05,0.06,0.1,355,0.0,0,0
0,25.38,25.44,25.06,25.94,0,0,0,0,0.08,0.05,0.07,0.1,355,0.00769230769231,0,0
0,25.06,25.06,24.5,25.19,0,0,1,1,0.08,0.04,0.06,0.09,345,0.0,0,0
0,25.31,25.31,24.81,25.63,0,0,0,0,0.06,0.04,0.07,0.07,360,-0.0153846153846,0,0
0,25.31,25.31,24.81,25.75,0,0,0,0,0.07,0.06,0.06,0.1,355,0.0,0,0
1,25.25,24.94,24.75,25.63,123,35,60,45,0.94,0.12,0.13,0.06,445,0.946153846154,0,0
2,25.94,25.94,25.38,26.25,160,249,78,58,0.75,1.12,0.48,0.35,500,2.58076923077,0,0
2,26.25,26.19,26.0,26.38,114,19,179,7,0.08,0.06,0.67,0.08,1015,-0.680769230769,0,0
0,25.13,25.13,24.63,25.25,0,0,0,0,0.08,0.05,0.05,0.08,345,0.0,0,0
0,25.06,25.06,24.56,25.19,1,1,10,6,0.08,0.06,0.06,0.1,350,0.0,0,0
0,25.44,25.44,25.0,25.63,0,0,0,0,0.06,0.05,0.06,0.06,375,0.0,0,0
0,25.19,25.19,24.69,25.31,0,0,0,0,0.08,0.05,0.06,0.08,345,0.0,0,0
3,26.31,26.38,26.0,26.5,149,234,179,10,0.12,0.15,0.23,0.18,1030,2.50384615385,0,1
0,25.25,25.25,24.75,25.56,0,0,0,0,0.08,0.05,0.06,0.1,355,0.0,0,0
0,25.31,25.38,24.94,25.44,0,0,0,0,0.07,0.04,0.06,0.08,355,0.0,0,0
0,25.19,25.25,24.69,25.56,0,0,0,0,0.08,0.04,0.06,0.09,355,0.0,0,0
0,25.31,25.31,24.94,25.44,0,0,0,0,0.08,0.04,0.06,0.08,350,0.0,0,0
0,25.31,25.31,24.75,25.69,0,0,0,0,0.07,0.05,0.05,0.06,360,0.0,0,0
0,25.31,25.31,24.81,25.69,0,0,0,0,0.08,0.05,0.07,0.1,355,0.0,0,0
0,25.44,25.44,24.94,25.56,0,0,0,0,0.06,0.04,0.06,0.05,370,-0.280769230769,0,0
0,25.38,25.38,24.94,25.75,0,0,0,0,0.07,0.05,0.06,0.06,375,0.0,0,0
0,25.19,25.25,24.75,25.63,0,0,0,0,0.06,0.05,0.06,0.06,360,-0.0769230769231,0,0
0,25.63,25.63,25.25,25.88,0,0,0,0,0.07,0.05,0.06,0.06,530,-2.01538461538,0,0
2,25.44,25.44,24.88,25.75,157,240,70,54,0.47,0.25,0.14,0.11,450,0.311538461538,1,0
0,25.25,25.25,24.75,25.56,0,0,0,0,0.07,0.05,0.06,0.11,355,0.0,0,0
0,25.13,25.19,24.56,25.5,0,0,0,0,0.07,0.05,0.05,0.06,360,0.0346153846154,0,0
0,25.63,25.63,25.25,25.81,0,0,0,0,0.08,0.04,0.07,0.06,510,-2.01923076923,0,0
0,25.06,25.0,24.44,25.31,1,1,8,5,0.08,0.05,0.06,0.06,355,0.0,0,0
0,25.44,25.44,25.31,26.13,1,1,8,5,0.08,0.05,0.06,0.11,350,0.0,0,0
0,25.06,25.06,24.44,25.38,0,0,0,0,0.09,0.05,0.07,0.06,355,-0.0423076923077,0,0
2,25.94,26.25,25.81,26.0,142,227,6,7,0.18,0.22,0.09,0.11,835,0.607692307692,0,0
2,26.19,25.75,25.75,26.31,116,25,184,15,0.08,0.2,0.13,0.15,710,2.21153846154,0,1
0,25.63,25.69,25.31,25.75,0,0,0,0,0.07,0.05,0.05,0.08,605,-1.19615384615,0,0
0,25.44,25.44,25.13,26.0,0,0,0,0,0.08,0.05,0.06,0.09,355,0.0807692307692,0,0
0,25.19,25.19,24.75,25.31,0,0,0,0,0.07,0.04,0.05,0.08,345,0.0,0,0
0,25.38,25.44,24.94,25.69,0,0,0,0,0.07,0.05,0.06,0.06,370,-0.0807692307692,0,0
0,25.06,25.0,24.63,25.31,6,6,32,22,0.08,0.04,0.08,0.11,350,0.0,0,0
0,25.06,25.06,24.56,25.06,4,4,20,14,0.08,0.06,0.07,0.09,350,0.0,0,0
0,25.0,25.06,24.63,25.44,8,9,41,28,0.07,0.06,0.06,0.09,355,0.0,0,0
0,25.19,25.25,24.69,25.56,0,0,0,0,0.06,0.05,0.07,0.06,365,-0.0653846153846,0,0
0,25.44,25.44,24.94,25.69,0,0,0,0,0.06,0.05,0.07,0.06,370,0.0,0,0
0,25.38,25.38,24.94,25.81,0,0,0,0,0.07,0.05,0.06,0.09,355,0.0,0,0
0,25.19,25.19,24.75,25.25,0,0,0,0,0.08,0.04,0.06,0.09,345,0.0,0,0
0,25.44,25.44,25.13,26.0,0,0,0,0,0.08,0.06,0.06,0.09,350,-0.00769230769231,0,0
0,25.19,25.19,24.63,25.63,0,0,0,0,0.08,0.05,0.06,0.06,360,0.0,0,0
0,25.31,25.31,24.81,25.69,0,0,0,0,0.07,0.05,0.06,0.09,355,0.0,0,0
0,25.19,25.25,24.81,25.31,0,0,0,0,0.07,0.05,0.06,0.09,345,0.0,0,0
0,25.06,25.06,24.56,25.19,0,0,3,2,0.08,0.05,0.06,0.08,345,0.0,0,0
2,26.25,26.25,25.94,26.31,114,19,180,7,0.86,0.1,0.19,0.06,1040,0.476923076923,1,0
0,25.81,26.81,25.56,26.25,10,11,56,41,0.07,0.06,0.06,0.06,470,-2.12307692308,0,0
0,25.06,25.13,24.56,25.38,5,6,30,20,0.07,0.05,0.06,0.07,360,0.0,0,0
0,25.19,25.19,24.63,25.56,0,0,0,0,0.08,0.05,0.07,0.07,360,0.0,0,0
0,25.44,25.44,25.44,26.13,8,10,40,29,0.08,0.04,0.06,0.1,355,0.0,0,0
0,25.13,25.13,24.56,25.38,0,0,0,0,0.07,0.05,0.06,0.07,360,0.0,0,0
1,26.06,26.81,25.56,26.31,117,20,24,18,0.14,0.05,0.07,0.05,525,1.14230769231,1,0
0,25.38,25.38,24.94,25.81,0,0,0,0,0.07,0.05,0.06,0.1,355,0.0,0,0
3,26.31,27.88,26.06,26.44,150,239,181,11,0.75,0.54,0.21,0.11,1200,0.0961538461538,0,0
0,25.5,25.44,25.19,26.0,0,0,0,0,0.08,0.05,0.06,0.1,350,0.0230769230769,0,0
0,25.38,25.44,24.88,25.75,0,0,0,0,0.07,0.05,0.06,0.06,365,0.0,0,0
0,25.06,25.06,24.69,25.56,9,10,43,29,0.08,0.05,0.06,0.1,355,0.0,0,0
0,25.44,25.44,25.0,25.5,0,0,0,0,0.07,0.05,0.06,0.06,375,0.0,0,0
0,25.13,25.13,24.56,25.44,0,0,0,0,0.07,0.05,0.06,0.07,360,0.0961538461538,0,0
0,25.0,25.06,24.56,25.19,6,6,33,21,0.07,0.05,0.06,0.06,360,0.0,0,0
0,25.19,25.25,24.81,25.25,0,0,0,0,0.08,0.04,0.06,0.09,345,0.0,0,0
3,25.69,26.13,25.63,25.81,8,8,29,27,0.08,0.22,0.09,0.1,475,2.74615384615,1,0
0,25.06,25.06,24.5,25.19,2,2,11,6,0.08,0.05,0.05,0.08,345,0.0,0,0
0,25.31,25.31,24.75,25.69,0,0,0,0,0.06,0.05,0.06,0.07,360,0.0,0,0
0,25.06,25.06,24.56,25.19,0,0,3,2,0.07,0.04,0.05,0.08,345,0.0,0,0
0,25.94,26.13,25.69,26.19,0,0,0,0,0.07,0.05,0.07,0.07,965,-2.55,0,0
0,25.38,25.38,24.94,25.81,0,0,0,0,0.07,0.05,0.06,0.1,355,0.0,0,0
0,25.13,25.06,24.63,25.44,8,9,42,29,0.09,0.05,0.06,0.05,355,-0.15,0,0
0,25.38,25.38,24.88,25.75,0,0,0,0,0.08,0.06,0.06,0.1,355,0.0,0,0
0,25.19,25.19,24.63,25.5,0,0,0,0,0.07,0.05,0.15,0.06,360,-0.103846153846,0,0
0,25.19,25.25,24.69,25.56,0,0,0,0,0.07,0.06,0.06,0.06,360,0.0,0,0
0,25.38,25.44,25.38,26.13,18,22,81,58,0.07,0.05,0.06,0.1,355,0.0,0,0
0,25.25,25.25,24.75,25.63,0,0,0,0,0.07,0.06,0.06,0.1,355,0.0,0,0
0,26.13,26.0,25.81,26.25,0,0,0,0,0.06,0.05,0.06,0.06,1000,-0.880769230769,0,0
0,25.38,25.38,25.0,25.81,0,0,0,0,0.08,0.06,0.06,0.1,355,0.0,0,0
0,25.19,25.19,25.0,25.88,15,17,67,48,0.11,0.05,0.12,0.13,355,0.0,0,0
0,25.38,25.38,25.0,25.88,0,0,0,0,0.08,0.05,0.07,0.1,355,0.0,0,0
0,25.13,25.19,24.63,25.38,0,0,0,0,0.09,0.05,0.05,0.1,355,0.0423076923077,0,0
3,25.94,28.25,25.56,26.13,162,249,227,70,1.31,2.02,3.66,0.6,840,8.66153846154,1,1
0,25.19,25.19,25.0,25.81,15,17,67,49,0.08,0.05,0.06,0.11,355,0.0,0,0
0,25.38,25.38,24.88,25.75,0,0,0,0,0.08,0.05,0.07,0.09,355,0.0,0,0
3,26.19,26.19,25.81,26.31,149,234,185,11,0.13,0.42,2.95,0.69,825,1.99615384615,0,1
0,25.25,25.25,25.06,25.81,16,19,70,50,0.1,0.05,0.07,0.1,355,0.0,0,0
0,25.25,25.31,24.88,25.44,0,0,0,0,0.07,0.04,0.05,0.09,345,0.0,0,0
0,25.25,25.31,24.81,25.63,0,0,0,0,0.07,0.06,0.06,0.1,355,0.0,0,0
0,25.31,25.31,25.0,25.5,0,0,0,0,0.07,0.05,0.06,0.08,350,-0.0461538461538,0,0
0,25.13,25.13,24.56,25.5,0,0,0,0,0.08,0.05,0.07,0.05,360,0.0,0,0
0,25.19,25.25,24.81,25.31,0,0,0,0,0.07,0.05,0.05,0.08,345,0.0,0,0
0,25.31,25.38,25.0,25.5,0,0,0,0,0.08,0.04,0.05,0.09,360,-0.0884615384615,0,0
0,25.38,25.44,25.06,25.88,0,0,0,0,0.08,0.05,0.06,0.1,355,-0.0153846153846,0,0
0,25.25,25.31,24.88,25.38,0,0,0,0,0.07,0.04,0.05,0.08,345,0.0,0,0
0,25.19,25.19,24.69,25.31,0,0,0,0,0.07,0.04,0.05,0.09,345,0.0,0,0
2,25.94,26.19,25.81,25.94,147,234,177,23,0.3,0.58,0.51,0.09,800,1.55384615385,1,1
0,25.13,25.13,24.56,25.44,0,0,0,0,0.08,0.05,0.06,0.06,360,0.0,0,0
0,25.06,25.06,24.69,25.38,8,9,41,28,0.11,0.07,0.08,0.06,360,-0.00384615384615,0,0
1,26.06,25.75,25.56,26.38,115,25,40,23,0.06,0.05,0.06,0.06,620,0.565384615385,0,0
0,25.31,25.31,24.81,25.69,0,0,0,0,0.07,0.05,0.06,0.1,355,0.0,0,0
0,25.13,25.13,24.69,25.75,10,10,46,31,0.08,0.05,0.07,0.09,355,0.0,0,0
0,25.19,25.19,24.63,25.44,0,0,0,0,0.08,0.06,0.06,0.05,360,0.0,0,0
2,25.94,26.25,25.75,26.0,142,226,5,6,0.38,0.21,0.13,0.13,840,-0.0653846153846,1,1
0,25.06,25.06,24.69,25.25,6,7,34,22,0.08,0.05,0.06,0.09,350,0.0,0,0
0,25.19,25.19,24.63,25.5,0,0,0,0,0.06,0.05,0.07,0.06,360,0.0,0,0
0,25.56,25.5,25.19,25.63,0,0,0,0,0.08,0.05,0.06,0.09,415,-1.11923076923,0,0
0,25.44,25.44,25.31,26.06,1,1,7,5,0.08,0.05,0.07,0.1,350,0.0,0,0
0,25.88,26.94,25.56,26.31,14,15,72,53,0.08,0.07,0.06,0.06,585,-2.38076923077,0,0
0,25.44,25.44,25.06,25.94,0,0,0,0,0.07,0.05,0.06,0.11,350,-0.0576923076923,0,0
0,25.25,25.31,24.88,25.44,0,0,0,0,0.07,0.04,0.06,0.09,345,0.0,0,0
0,25.19,25.13,24.63,25.25,0,0,0,0,0.08,0.04,0.05,0.08,345,0.0,0,0
0,25.38,25.38,24.94,25.75,0,0,0,0,0.07,0.05,0.06,0.06,375,-0.0115384615385,0,0
0,25.5,25.5,25.13,25.69,0,0,0,0,0.07,0.05,0.06,0.07,390,-1.41153846154,0,0
0,25.25,25.25,24.63,25.56,0,0,0,0,0.07,0.05,0.06,0.06,360,-0.0230769230769,0,0
0,25.31,25.31,24.88,25.69,0,0,0,0,0.07,0.05,0.06,0.1,355,0.0,0,0
3,26.25,26.38,26.0,26.44,148,234,178,10,0.21,1.26,0.21,0.12,1040,2.61923076923,0,1
3,26.06,27.25,25.94,26.31,164,254,276,71,0.19,0.16,0.77,0.06,875,1.1,0,1
0,25.5,25.5,25.19,25.63,0,0,0,0,0.07,0.05,0.06,0.08,385,-0.219230769231,0,0
3,26.31,26.38,25.94,26.44,149,235,178,10,0.58,2.85,1.89,0.41,965,4.01538461538,0,0
2,26.19,25.81,25.63,26.38,118,23,190,13,0.8,0.44,1.51,0.46,670,3.13846153846,0,0
0,25.63,25.63,25.19,25.75,0,0,0,0,0.07,0.05,0.06,0.06,490,-1.42692307692,0,0
0,25.38,25.38,24.94,25.63,0,0,0,0,0.07,0.05,0.06,0.06,375,0.0,0,0
0,25.75,25.75,25.38,25.94,0,0,0,0,0.07,0.05,0.06,0.07,665,-2.36153846154,0,0
3,25.88,26.06,25.75,25.94,3,3,20,12,1.36,0.36,0.29,0.15,740,2.67692307692,1,1
0,25.44,25.44,25.0,25.81,0,0,0,0,0.07,0.05,0.06,0.06,385,0.0,0,0
0,25.25,25.31,25.13,25.88,17,20,74,53,0.08,0.05,0.08,0.09,355,0.0,0,0
0,25.38,25.44,25.06,25.5,0,0,0,0,0.07,0.05,0.06,0.08,365,-0.219230769231,0,0
0,25.69,25.69,25.31,25.88,0,0,0,0,0.07,0.05,0.06,0.06,595,-2.10384615385,0,0
0,25.25,25.31,24.81,25.69,0,0,0,0,0.07,0.05,0.06,0.09,355,0.0,0,0
0,25.56,25.5,25.19,25.63,0,0,0,0,0.07,0.04,0.05,0.09,430,-2.19230769231,0,0
0,25.38,25.38,24.94,25.88,0,0,0,0,0.07,0.05,0.06,0.1,355,0.0,0,0
0,25.06,25.06,24.56,25.38,6,6,32,20,0.07,0.04,0.07,0.06,360,0.0,0,0
2,26.19,25.81,25.81,26.31,114,24,176,10,0.07,0.06,0.09,0.06,785,1.53461538462,0,0
3,25.81,26.06,25.75,25.88,3,4,21,14,0.71,0.28,0.1,0.1,720,2.57307692308,1,1
3,26.31,26.44,26.0,26.44,148,234,178,10,0.24,0.76,0.4,0.14,980,4.55,1,0
3,26.31,27.81,26.06,26.44,150,239,180,11,0.39,0.15,1.1,0.1,1200,0.819230769231,0,0
0,25.13,25.13,24.63,25.31,6,7,35,22,0.07,0.05,0.06,0.06,360,-0.0423076923077,0,0
0,25.75,25.75,25.38,26.0,0,0,0,0,0.07,0.06,0.06,0.05,710,-2.00769230769,0,0
0,25.31,25.31,24.94,25.38,0,0,0,0,0.07,0.04,0.06,0.09,345,0.0,0,0
0,25.06,25.06,24.63,25.5,8,8,40,26,0.07,0.05,0.06,0.1,355,0.0,0,0
0,25.19,25.19,24.75,25.31,0,0,0,0,0.07,0.05,0.06,0.08,345,0.0,0,0
3,25.81,28.94,25.38,26.13,160,243,223,65,0.95,3.44,3.65,1.03,675,1.70769230769,1,1
0,25.31,25.31,24.88,25.75,0,0,0,0,0.08,0.06,0.06,0.1,355,0.0,0,0
2,25.94,26.13,25.81,25.94,148,234,177,24,0.11,0.13,0.08,0.1,800,1.51538461538,0,0
1,25.56,25.31,25.13,25.94,124,38,70,51,0.8,0.35,0.2,0.15,370,0.292307692308,0,0
3,26.13,27.13,26.0,26.38,165,256,269,73,0.3,0.07,0.11,0.19,940,1.23076923077,1,1
2,26.19,26.19,25.94,26.31,114,19,179,7,0.09,0.06,0.09,0.06,1020,-0.95,0,0
1,26.13,25.75,25.56,26.31,115,25,38,22,1.28,0.5,0.09,0.21,615,0.253846153846,1,0
0,25.25,25.25,24.81,25.63,0,0,0,0,0.06,0.05,0.06,0.06,365,0.0,0,0
0,25.13,25.13,24.56,25.31,0,0,0,0,0.08,0.05,0.06,0.05,360,0.0,0,0
0,25.75,25.75,25.38,26.06,0,0,0,0,0.07,0.05,0.07,0.07,685,-1.33461538462,0,0
0,25.0,25.06,24.5,25.25,6,6,32,21,0.08,0.05,0.06,0.05,360,0.0,0,0
0,25.75,25.81,25.44,25.81,0,0,0,0,0.07,0.05,0.06,0.1,725,-1.49615384615,0,0
0,25.06,25.06,24.56,25.13,1,1,9,5,0.08,0.05,0.06,0.1,345,0.0,0,0
0,25.63,25.69,25.31,25.88,0,0,0,0,0.07,0.05,0.06,0.06,575,-1.81923076923,0,0
0,25.38,25.38,25.0,25.88,0,0,0,0,0.08,0.05,0.06,0.1,355,0.0,0,0
0,25.63,25.63,25.19,25.88,0,0,0,0,0.07,0.04,0.06,0.06,505,-2.06153846154,0,0
0,25.44,25.44,25.0,25.5,0,0,0,0,0.06,0.05,0.06,0.06,375,0.0,0,0
0,25.25,25.31,24.75,25.56,0,0,0,0,0.07,0.05,0.06,0.06,360,0.0,0,0
0,25.19,25.19,24.75,25.19,0,0,0,0,0.07,0.04,0.05,0.09,345,0.0,0,0
0,25.38,25.38,24.88,25.88,0,0,0,0,0.07,0.05,0.07,0.07,370,-0.0807692307692,0,0
0,25.25,25.19,24.69,25.56,0,0,0,0,0.08,0.05,0.06,0.05,360,0.0307692307692,0,0
2,26.13,25.75,25.69,26.25,117,27,197,23,1.78,0.23,0.45,0.2,625,0.269230769231,1,0
0,26.19,26.19,25.94,26.31,0,21,0,7,1.58,0.24,0.22,0.21,1025,-0.626923076923,1,1
2,26.19,25.75,25.75,26.31,115,24,180,12,0.53,0.51,1.09,0.36,740,1.28846153846,0,1
1,25.25,25.0,24.81,25.69,124,36,62,47,1.1,0.1,0.09,0.05,430,0.738461538462,1,0
0,25.44,25.44,24.94,25.69,0,0,0,0,0.06,0.05,0.06,0.05,370,0.0,0,0
0,25.44,25.5,25.06,25.88,0,0,0,0,0.07,0.05,0.07,0.07,390,0.0,0,0
0,25.56,25.56,25.13,25.88,0,0,0,0,0.07,0.06,0.07,0.06,415,-1.19230769231,0,0
0,25.13,25.13,24.75,25.75,10,12,49,35,0.08,0.04,0.06,0.1,355,0.0,0,0
0,26.13,26.44,25.81,26.31,0,0,0,0,0.07,0.05,0.06,0.06,1105,-4.53846153846,0,0
0,25.19,25.19,24.81,25.69,12,14,58,40,0.08,0.05,0.06,0.06,360,-0.0115384615385,0,0
0,25.44,25.44,25.0,25.75,0,0,0,0,0.07,0.05,0.06,0.07,380,0.0,0,0
0,25.25,25.25,24.75,25.69,0,0,0,0,0.06,0.05,0.07,0.05,365,0.0,0,0
3,26.25,25.88,25.94,26.38,149,239,180,12,0.08,0.25,0.11,0.06,830,1.83076923077,1,0
2,26.0,26.0,25.38,26.25,161,251,81,60,0.42,0.99,0.22,0.13,525,3.53846153846,0,0
0,25.25,25.25,24.75,25.56,0,0,0,0,0.08,0.05,0.06,0.1,355,0.0,0,0
0,26.25,26.81,25.94,26.31,0,0,0,0,0.07,0.04,0.06,0.06,1205,-1.25384615385,0,0
0,25.25,25.25,24.75,25.69,0,0,0,0,0.07,0.05,0.07,0.06,365,0.0,0,0
0,25.19,25.19,24.56,25.5,0,0,0,0,0.07,0.06,0.06,0.06,355,-1.23168185923e-17,0,0
0,25.38,25.38,25.0,25.81,0,0,0,0,0.08,0.05,0.06,0.1,355,0.0,0,0
0,25.25,25.31,24.88,25.38,0,0,0,0,0.07,0.04,0.06,0.08,345,0.0,0,0
0,25.38,25.38,25.0,25.44,0,0,0,0,0.08,0.04,0.06,0.08,360,0.0,0,0
0,25.44,25.38,25.06,25.94,0,0,0,0,0.08,0.05,0.07,0.1,355,0.0,0,0
0,25.13,25.13,24.5,25.38,0,0,5,4,0.08,0.05,0.06,0.06,360,0.15,0,0
0,25.38,25.38,25.0,25.5,0,0,0,0,0.07,0.04,0.05,0.1,365,0.0,0,0
0,25.06,25.0,24.44,25.31,1,1,7,5,0.08,0.05,0.07,0.06,355,0.0,0,0
0,25.81,25.81,25.5,26.06,0,0,0,0,0.08,0.05,0.07,0.06,810,-1.28076923077,0,0
0,25.06,25.06,24.5,25.13,0,0,2,1,0.08,0.04,0.06,0.09,345,0.0,0,0
0,25.31,25.31,24.81,25.69,0,0,0,0,0.07,0.05,0.07,0.06,370,0.0,0,0
0,25.31,25.31,25.19,25.94,17,20,73,53,0.15,0.24,0.07,0.1,355,0.0,0,0
0,25.44,25.44,25.31,26.19,1,1,9,6,0.08,0.05,0.05,0.1,350,0.0,0,0
0,25.06,25.06,24.5,25.13,2,2,13,8,0.07,0.05,0.05,0.09,345,0.0,0,0
0,25.38,25.38,24.88,25.75,0,0,0,0,0.06,0.04,0.06,0.05,365,0.0,0,0
2,26.25,26.13,25.94,26.31,114,19,179,7,0.72,0.68,1.6,0.5,1025,-0.676923076923,0,0
2,25.5,25.63,24.94,25.81,155,235,73,56,0.29,0.51,0.19,0.09,540,3.92307692308,1,0
0,25.13,25.19,24.63,25.38,0,0,0,0,0.08,0.05,0.07,0.09,355,-0.0269230769231,0,0
0,25.06,25.06,24.56,25.19,2,1,10,6,0.08,0.05,0.05,0.08,345,0.0,0,0
0,25.13,25.13,24.75,25.75,10,12,49,35,0.07,0.05,0.06,0.11,355,0.0,0,0
0,25.75,25.81,25.44,25.94,0,0,0,0,0.08,0.05,0.06,0.06,735,-2.10769230769,0,0
0,25.44,25.44,25.38,26.13,9,10,45,32,0.08,0.06,0.06,0.1,355,0.0,0,0
0,25.44,25.44,25.19,26.0,0,0,0,0,0.08,0.05,0.07,0.11,350,-0.169230769231,0,0
0,25.44,25.44,25.19,26.13,0,0,0,0,0.08,0.05,0.06,0.1,350,0.0,0,0
0,25.44,25.44,25.31,26.13,2,2,10,7,0.08,0.05,0.06,0.1,350,-0.0461538461538,0,0
0,25.0,25.06,24.56,25.31,7,7,36,24,0.08,0.04,0.07,0.1,355,-0.138461538462,0,0
1,26.06,25.75,25.56,26.38,117,28,50,28,0.13,0.06,0.07,0.06,605,0.434615384615,0,0
0,25.31,25.31,24.81,25.69,0,0,0,0,0.08,0.06,0.06,0.1,355,0.0,0,0
0,25.19,25.19,24.69,25.25,0,0,0,0,0.06,0.05,0.05,0.08,345,0.0,0,0
0,25.38,25.38,25.0,25.88,0,0,0,0,0.07,0.05,0.06,0.1,355,0.0,0,0
0,25.25,25.19,24.75,25.5,0,0,0,0,0.08,0.06,0.06,0.05,360,-0.207692307692,0,0
0,25.19,25.19,24.94,25.81,14,16,64,45,0.09,0.05,0.06,0.06,355,0.0153846153846,0,0
0,25.44,25.44,25.44,26.19,10,13,54,40,0.09,0.05,0.07,0.1,355,0.0,0,0
0,25.56,25.56,25.19,25.69,0,0,0,0,0.06,0.05,0.06,0.06,420,-1.51923076923,0,0
0,25.19,25.13,24.63,25.25,0,0,0,0,0.08,0.04,0.05,0.09,345,0.0,0,0
0,25.06,25.06,24.56,25.31,6,6,33,22,0.07,0.05,0.06,0.06,360,0.0,0,0
0,25.25,25.19,24.94,25.88,14,16,65,46,0.08,0.05,0.06,0.06,355,-0.0653846153846,0,0
2,25.94,26.38,25.81,25.94,142,228,5,7,0.58,0.82,0.21,0.14,830,-0.0115384615385,1,1
0,25.44,25.44,25.38,26.13,2,3,14,10,0.07,0.04,0.06,0.1,350,-0.0461538461538,0,0
0,25.13,25.13,24.69,25.56,10,10,46,31,0.09,0.06,0.07,0.06,355,-0.0884615384615,0,0
0,25.19,25.19,24.69,25.25,0,0,0,0,0.07,0.05,0.05,0.08,345,0.0,0,0
0,25.88,25.75,25.44,26.06,0,0,0,0,0.06,0.05,0.06,0.06,740,-2.06538461538,0,0
0,25.25,25.25,25.06,25.88,16,19,74,53,0.08,0.06,0.06,0.09,355,0.0,0,0
0,25.38,25.38,24.94,25.81,0,0,0,0,0.08,0.05,0.07,0.1,355,0.0,0,0
0,25.44,25.44,25.31,26.19,1,1,9,6,0.08,0.06,0.07,0.09,350,0.0,0,0
0,25.38,25.38,25.38,26.13,19,23,84,60,0.08,0.06,0.07,0.1,355,0.0,0,0
0,25.31,25.31,24.81,25.69,0,0,0,0,0.07,0.05,0.06,0.06,360,-0.0923076923077,0,0
0,25.25,25.19,24.94,25.88,15,18,69,49,0.09,0.06,0.1,0.1,355,0.0,0,0
2,26.13,25.81,25.63,26.38,118,24,193,14,1.07,0.86,2.37,0.66,610,1.75,1,1
3,26.06,27.0,26.0,26.31,165,254,275,70,0.83,0.27,0.62,0.14,910,1.55384615385,1,1
0,25.06,25.13,24.56,25.44,5,5,27,18,0.07,0.05,0.06,0.06,360,0.0,0,0
2,25.81,25.69,25.25,26.13,160,249,75,55,0.15,0.06,0.06,0.08,405,0.753846153846,1,0
0,25.38,25.38,24.94,25.75,0,0,0,0,0.08,0.05,0.07,0.09,355,0.0,0,0
0,25.19,25.19,24.63,25.44,0,0,0,0,0.08,0.06,0.05,0.09,355,0.0,0,0
0,26.13,26.44,25.81,26.25,0,0,0,0,0.07,0.05,0.06,0.06,1085,-4.28076923077,0,0
3,26.31,26.63,26.06,26.38,150,236,180,11,1.1,0.31,1.48,0.16,1165,3.23846153846,0,0
0,25.06,25.06,24.44,25.38,0,0,4,3,0.07,0.05,0.06,0.06,355,-0.0230769230769,0,0
0,25.44,25.44,25.06,26.0,0,0,0,0,0.08,0.05,0.05,0.1,350,-0.169230769231,0,0
0,25.19,25.13,24.81,25.81,12,14,56,40,0.08,0.05,0.06,0.11,355,0.0,0,0
0,25.19,25.19,24.69,25.25,0,0,0,0,0.08,0.04,0.05,0.08,345,0.0,0,0
0,25.19,25.19,24.75,25.31,0,0,0,0,0.07,0.05,0.06,0.08,345,0.0,0,0
1,25.88,26.81,25.5,26.31,121,26,49,35,0.11,0.13,0.05,0.06,415,-0.138461538462,0,0
0,25.13,25.19,24.56,25.38,0,0,1,1,0.08,0.05,0.06,0.1,350,-0.0192307692308,0,0
0,25.31,25.38,24.88,25.69,0,0,0,0,0.07,0.05,0.06,0.1,355,0.0,0,0
0,25.31,25.31,24.81,25.69,0,0,0,0,0.07,0.05,0.06,0.06,360,-0.0692307692308,0,0
2,26.31,26.44,25.94,26.38,117,19,183,7,0.99,0.82,3.59,0.74,1055,2.14230769231,1,1
0,25.06,25.06,24.56,25.19,3,3,15,10,0.07,0.05,0.07,0.09,350,0.0,0,0
0,25.44,25.44,25.06,25.56,0,0,0,0,0.07,0.05,0.06,0.06,380,-0.0384615384615,0,0
0,25.56,25.56,25.25,25.69,0,0,0,0,0.08,0.05,0.06,0.09,495,-1.85384615385,0,0
0,25.19,25.19,24.69,25.5,0,0,0,0,0.07,0.06,0.06,0.06,360,0.0,0,0
0,25.25,25.25,24.75,25.63,0,0,0,0,0.06,0.05,0.06,0.06,365,-0.0269230769231,0,0
1,25.19,24.88,24.69,25.63,123,35,59,45,0.42,0.19,0.16,0.09,420,1.21538461538,0,0
0,25.38,25.44,25.06,25.88,0,0,0,0,0.08,0.06,0.05,0.1,355,0.103846153846,0,0
0,25.44,25.44,25.06,25.56,0,0,0,0,0.08,0.04,0.06,0.09,370,-0.215384615385,0,0
0,25.19,25.19,24.88,25.81,14,14,60,44,0.09,0.05,0.06,0.1,355,0.0,0,0
0,25.25,25.25,24.75,25.63,0,0,0,0,0.08,0.05,0.06,0.09,355,0.0,0,0
0,25.38,25.38,24.94,25.81,0,0,0,0,0.08,0.04,0.06,0.1,355,0.0,0,0
0,25.13,25.13,24.63,25.31,0,0,3,2,0.1,0.06,0.06,0.1,350,-0.00384615384615,0,0
3,26.25,26.56,25.94,26.38,150,235,180,10,0.63,0.72,2.29,0.43,1085,2.50769230769,1,1
0,25.63,25.69,25.31,25.88,0,0,0,0,0.07,0.05,0.06,0.06,575,-1.80384615385,0,0
0,25.13,25.19,24.75,25.63,10,11,49,35,0.08,0.05,0.06,0.06,355,0.0961538461538,0,0
0,25.06,25.06,24.63,25.19,6,7,32,21,0.07,0.05,0.05,0.08,345,0.0,0,0
0,25.44,25.44,25.19,26.06,0,0,0,0,0.08,0.05,0.07,0.09,350,0.0153846153846,0,0
0,25.88,26.0,25.56,26.13,0,0,0,0,0.07,0.05,0.05,0.07,855,-3.52307692308,0,0
0,25.44,25.44,25.19,26.0,0,0,0,0,0.08,0.05,0.06,0.1,355,0.0192307692308,0,0
0,25.25,25.25,24.75,25.56,0,0,0,0,0.07,0.05,0.06,0.09,355,0.0,0,0
0,25.06,25.13,24.56,25.13,1,0,7,5,0.08,0.06,0.06,0.09,350,0.0,0,0
3,25.81,26.06,25.75,25.88,3,4,21,13,0.39,0.37,0.12,0.1,720,2.46538461538,1,1
0,25.31,25.38,24.88,25.75,0,0,0,0,0.06,0.05,0.06,0.06,365,0.0,0,0
0,25.44,25.44,25.31,26.19,2,2,12,9,0.08,0.05,0.06,0.1,350,-0.0192307692308,0,0
0,25.19,25.19,24.69,25.56,0,0,0,0,0.07,0.06,0.07,0.1,355,0.0,0,0
0,25.06,25.06,24.56,25.19,0,0,4,2,0.08,0.05,0.06,0.09,345,0.0,0,0
0,25.56,25.56,25.13,25.88,0,0,0,0,0.07,0.05,0.05,0.06,435,-1.21538461538,0,0
0,25.44,25.44,25.25,26.19,0,0,5,4,0.07,0.05,0.06,0.1,350,0.0,0,0
1,24.94,24.75,24.56,25.38,121,34,53,40,0.08,0.19,0.06,0.06,390,0.769230769231,0,0
0,25.31,25.31,25.19,25.94,17,20,75,54,0.07,0.06,0.06,0.1,355,0.0,0,0
0,25.44,25.44,25.0,25.75,0,0,0,0,0.06,0.04,0.06,0.06,385,-0.288461538462,0,0
3,25.94,27.81,25.69,26.19,163,248,267,68,0.55,0.82,2.23,0.28,845,3.03076923077,1,1
0,25.31,25.31,24.94,25.44,0,0,0,0,0.07,0.05,0.06,0.09,350,-0.265384615385,0,0
0,25.25,25.25,24.81,25.25,0,0,0,0,0.07,0.04,0.05,0.09,345,0.0,0,0
0,25.38,25.38,24.88,25.75,0,0,0,0,0.06,0.04,0.06,0.06,365,0.0,0,0
0,25.94,26.13,25.81,26.38,16,20,94,58,0.07,0.04,0.07,0.07,760,-3.31538461538,0,0
0,25.44,25.44,25.0,25.56,0,0,0,0,0.07,0.04,0.06,0.06,375,0.0,0,0
0,25.38,25.38,25.0,25.81,0,0,0,0,0.07,0.05,0.07,0.09,355,0.0,0,0
1,25.63,25.31,25.19,25.88,123,37,69,49,0.77,0.21,0.25,0.15,375,0.242307692308,1,0
0,25.38,25.38,25.31,26.0,18,22,78,57,0.08,0.05,0.06,0.1,355,0.0,0,0
3,26.25,26.13,25.81,26.38,150,236,186,11,0.21,0.23,0.1,0.07,805,1.27307692308,0,0
0,25.25,25.31,25.13,25.88,16,19,71,51,0.07,0.05,0.06,0.11,355,0.0,0,0
0,25.63,25.63,25.19,25.81,0,0,0,0,0.07,0.05,0.05,0.06,505,-2.06153846154,0,0
0,25.56,25.56,25.19,25.63,0,0,0,0,0.07,0.05,0.05,0.08,500,-1.80769230769,0,0
0,25.31,25.38,24.88,25.75,0,0,0,0,0.07,0.05,0.05,0.1,355,0.0,0,0
2,25.94,26.31,25.81,25.94,142,228,6,7,0.33,0.44,0.16,0.09,845,0.703846153846,0,1
0,25.38,25.38,24.94,25.75,0,0,0,0,0.08,0.05,0.06,0.09,355,0.0,0,0
0,25.19,25.19,24.63,25.44,0,0,0,0,0.08,0.05,0.06,0.06,360,0.0,0,0
0,25.13,25.13,24.56,25.44,5,6,31,20,0.07,0.05,0.06,0.06,360,0.0,0,0
0,25.19,25.19,24.69,25.56,0,0,0,0,0.08,0.05,0.06,0.06,360,-0.0461538461538,0,0
0,25.31,25.31,25.19,25.94,17,20,75,54,0.07,0.05,0.06,0.1,355,0.0,0,0
0,25.31,25.38,24.94,25.75,0,0,0,0,0.07,0.05,0.07,0.06,375,0.0,0,0
3,25.69,26.38,25.56,25.75,9,8,32,29,0.1,0.23,0.14,0.08,445,2.53461538462,0,0
0,25.13,25.13,24.69,25.69,10,10,46,31,0.08,0.06,0.08,0.06,355,0.130769230769,0,0
0,25.19,25.19,24.63,25.44,0,0,0,0,0.08,0.05,0.05,0.06,360,0.0,0,0
0,25.38,25.38,24.94,25.81,0,0,0,0,0.08,0.05,0.06,0.09,355,0.0,0,0
0,25.44,25.44,25.25,26.06,0,0,4,2,0.08,0.05,0.06,0.11,350,0.0,0,0
0,25.06,25.06,24.63,25.25,6,6,32,22,0.08,0.09,0.06,0.1,350,0.0,0,0
0,25.0,25.06,24.63,25.5,8,9,41,28,0.08,0.04,0.06,0.1,355,0.0,0,0
2,25.94,26.31,25.81,25.94,142,228,5,7,0.2,0.68,0.11,0.12,825,-0.115384615385,0,1
3,25.75,26.06,25.69,25.88,5,6,22,20,0.08,0.05,0.14,0.1,605,2.90384615385,0,0
0,25.38,25.38,24.88,25.75,0,0,0,0,0.07,0.05,0.07,0.06,365,0.0,0,0
0,25.19,25.19,24.94,25.75,12,14,54,38,0.08,0.04,0.06,0.09,355,0.0,0,0
0,25.31,25.38,25.25,26.0,19,23,81,59,0.08,0.05,0.06,0.1,355,0.0,0,0
0,25.38,25.38,24.94,25.81,0,0,0,0,0.08,0.05,0.06,0.1,355,0.0,0,0
0,26.0,25.88,25.63,26.13,0,0,0,0,0.07,0.04,0.06,0.07,905,-3.14230769231,0,0
0,25.13,25.19,24.63,25.25,0,0,0,0,0.08,0.04,0.06,0.09,345,0.0,0,0
0,25.63,25.63,25.31,25.69,0,0,0,0,0.07,0.05,0.05,0.09,545,-2.13076923077,0,0
0,25.13,25.19,24.56,25.44,0,0,0,0,0.07,0.05,0.06,0.06,360,0.0961538461538,0,0
0,25.06,25.06,24.69,25.31,6,7,34,22,0.07,0.05,0.07,0.11,350,0.0,0,0
0,25.06,25.13,24.5,25.5,5,5,24,16,0.07,0.05,0.05,0.07,360,0.0,0,0
3,26.31,26.31,25.94,26.38,148,234,178,10,0.61,0.19,0.16,0.11,970,4.17307692308,1,0
0,25.38,25.38,24.94,25.81,0,0,0,0,0.08,0.05,0.06,0.1,355,0.0,0,0
0,25.06,25.0,24.44,25.31,1,1,7,5,0.08,0.05,0.05,0.06,355,0.0,0,0
0,25.13,25.19,24.75,25.19,0,0,0,0,0.07,0.04,0.05,0.09,345,0.0,0,0
0,25.38,25.38,24.94,25.75,0,0,0,0,0.06,0.05,0.07,0.06,375,-0.296153846154,0,0
0,25.31,25.31,24.94,25.44,0,0,0,0,0.08,0.05,0.05,0.09,345,0.0,0,0
0,25.06,25.13,24.69,25.63,10,10,48,33,0.08,0.05,0.06,0.06,355,-0.0461538461538,0,0
3,26.19,25.88,25.94,26.38,149,240,180,12,0.08,0.06,0.2,0.07,835,1.81923076923,1,1
0,25.56,25.56,25.25,25.69,0,0,0,0,0.07,0.05,0.05,0.09,520,-2.07307692308,0,0
2,25.69,28.5,25.19,26.06,156,243,80,60,0.08,0.05,0.06,0.06,645,0.861538461538,0,0
0,25.06,25.0,24.44,25.31,2,2,11,7,0.08,0.05,0.06,0.06,355,0.0153846153846,0,0
0,25.44,25.44,24.94,25.69,0,0,0,0,0.07,0.04,0.06,0.06,370,0.0,0,0
0,25.44,25.38,24.94,25.69,0,0,0,0,0.06,0.05,0.06,0.06,370,0.0,0,0
0,25.19,25.19,24.69,25.56,0,0,0,0,0.08,0.05,0.07,0.06,360,0.0,0,0
0,25.25,25.19,24.69,25.56,0,0,0,0,0.06,0.05,0.06,0.06,360,-0.0576923076923,0,0
0,25.13,25.13,24.56,25.31,0,0,0,0,0.08,0.05,0.06,0.06,360,0.0,0,0
0,25.44,25.44,25.25,26.06,0,0,0,0,0.08,0.05,0.05,0.09,350,0.0,0,0
0,25.25,25.31,24.88,25.38,0,0,0,0,0.07,0.04,0.05,0.09,345,0.0,0,0
0,25.06,25.13,24.63,25.38,6,6,33,23,0.08,0.05,0.06,0.11,350,0.0,0,0
0,25.38,25.44,25.0,25.81,0,0,0,0,0.07,0.05,0.06,0.11,355,0.0,0,0
0,25.38,25.38,25.0,25.5,0,0,0,0,0.07,0.05,0.06,0.09,365,-0.0884615384615,0,0
3,26.19,27.31,26.06,26.38,164,251,269,70,0.79,0.31,0.28,0.16,965,1.79615384615,0,1
0,26.19,26.13,25.94,26.31,0,0,0,0,3.88,3.4,3.65,1.8,1030,-0.392307692308,0,1
2,26.25,26.25,26.0,26.31,113,18,178,7,0.08,0.06,0.42,0.09,1045,-0.669230769231,0,0
0,25.25,25.31,24.75,25.69,0,0,0,0,0.08,0.06,0.06,0.1,355,0.0,0,0
0,25.13,25.13,24.56,25.19,0,0,0,0,0.08,0.05,0.05,0.08,345,0.0,0,0
0,25.25,25.31,24.88,25.31,0,0,0,0,0.07,0.05,0.05,0.09,345,0.0,0,0
0,26.19,26.13,25.94,26.31,0,0,0,0,0.07,0.05,0.07,0.06,1030,0.161538461538,0,0
0,25.44,25.44,25.25,26.13,0,0,2,1,0.07,0.05,0.06,0.1,350,0.0,0,0
0,25.06,25.06,24.56,25.19,0,0,1,1,0.08,0.05,0.05,0.09,345,0.0,0,0
3,26.31,26.63,26.0,26.44,149,235,180,10,3.39,0.39,0.19,0.17,1165,3.25769230769,1,0
0,25.44,25.44,25.13,26.06,0,0,0,0,0.08,0.05,0.06,0.1,355,0.0384615384615,0,0
3,25.56,26.19,25.5,25.69,10,10,53,33,0.27,0.17,0.21,0.09,375,0.0461538461538,1,1
0,25.13,25.13,24.56,25.19,0,0,5,3,0.07,0.05,0.06,0.1,350,-0.115384615385,0,0
0,25.44,25.44,24.94,25.69,0,0,0,0,0.07,0.04,0.07,0.06,365,-0.153846153846,0,0
0,25.19,25.19,24.69,25.31,0,0,0,0,0.08,0.04,0.06,0.09,345,0.0,0,0
0,25.06,25.06,24.56,25.25,5,6,30,20,0.08,0.05,0.06,0.1,350,0.0,0,0
0,25.69,25.63,25.25,25.81,0,0,0,0,0.1,0.04,0.09,0.06,535,-2.20769230769,0,0
0,25.31,25.31,24.81,25.69,0,0,0,0,0.08,0.05,0.06,0.1,355,0.0,0,0
0,25.13,25.19,24.56,25.44,0,0,0,0,0.06,0.04,0.06,0.06,355,0.0692307692308,0,0
0,25.44,25.44,24.94,25.56,0,0,0,0,0.06,0.05,0.05,0.06,370,-0.280769230769,0,0
0,25.06,25.06,24.56,25.13,2,2,11,7,0.08,0.05,0.06,0.09,345,0.0,0,0
0,26.06,25.94,25.75,26.19,0,0,0,0,0.07,0.05,0.06,0.06,970,-2.25769230769,0,0
0,25.13,25.13,24.63,25.44,0,0,0,0,0.08,0.05,0.06,0.07,360,0.0,0,0
0,25.38,25.44,25.0,25.81,0,0,0,0,0.08,0.05,0.06,0.1,355,0.0,0,0
0,25.38,25.44,25.0,25.81,0,0,0,0,0.07,0.05,0.06,0.06,380,0.0,0,0
0,25.06,25.06,24.63,25.31,8,8,40,27,0.07,0.04,0.05,0.1,355,0.0,0,0
0,25.38,25.44,24.94,25.75,0,0,0,0,0.07,0.05,0.06,0.06,375,-0.107692307692,0,0
0,25.38,25.38,24.88,25.75,0,0,0,0,0.07,0.05,0.07,0.06,370,-0.0884615384615,0,0
1,25.63,25.38,25.19,26.0,124,40,76,54,0.11,0.05,0.06,0.06,380,0.238461538462,0,0
1,25.94,25.81,25.63,26.25,119,32,64,40,0.08,0.08,0.07,0.07,575,-0.992307692308,0,0
0,25.19,25.13,24.69,25.25,0,0,0,0,0.07,0.05,0.06,0.08,345,0.0,0,0
0,25.19,25.25,24.75,25.25,0,0,0,0,0.07,0.04,0.07,0.08,345,0.0,0,0
0,25.44,25.44,25.44,26.13,8,10,43,31,0.08,0.05,0.07,0.11,355,0.0,0,0
2,26.13,25.81,25.63,26.31,118,24,192,14,0.12,0.6,1.34,0.07,605,1.6,0,0
0,25.31,25.31,24.75,25.63,0,0,0,0,0.07,0.05,0.06,0.07,360,0.0,0,0
3,26.25,26.25,25.88,26.38,150,234,185,10,0.31,0.45,0.18,0.18,955,2.54615384615,0,0
0,25.06,25.13,24.75,25.75,10,10,46,32,0.08,0.05,0.06,0.1,355,0.0,0,0
0,25.19,25.19,24.63,25.5,0,0,0,0,0.07,0.06,0.06,0.06,360,0.0,0,0
0,25.19,25.19,24.63,25.5,0,0,0,0,0.08,0.05,0.06,0.06,360,0.0,0,0
0,25.06,25.06,24.44,25.31,2,2,13,8,0.08,0.05,0.06,0.07,355,-0.00769230769231,0,0
0,25.19,25.19,24.63,25.44,0,0,0,0,0.08,0.05,0.05,0.09,355,0.0,0,0
0,25.31,25.38,24.94,25.5,0,0,0,0,0.07,0.05,0.05,0.1,355,0.0,0,0
0,25.13,25.13,24.5,25.38,2,2,12,7,0.07,0.05,0.06,0.06,360,0.0192307692308,0,0
0,25.19,25.25,24.75,25.25,0,0,0,0,0.07,0.05,0.05,0.09,345,0.0,0,0
2,26.25,26.13,25.94,26.31,114,19,180,7,0.19,0.13,0.08,0.07,1020,-0.45,0,1
2,26.25,26.25,26.0,26.38,114,19,180,7,0.07,0.06,0.09,0.06,1035,-0.346153846154,0,0
0,25.31,25.31,25.19,26.0,18,20,75,54,0.08,0.06,0.06,0.1,355,0.0,0,0
0,25.13,25.13,24.56,25.19,0,0,0,0,0.08,0.04,0.06,0.08,345,0.0,0,0
0,25.13,25.06,24.56,25.19,0,0,0,0,0.07,0.04,0.05,0.08,345,0.0,0,0
0,25.31,25.31,24.81,25.69,0,0,0,0,0.07,0.05,0.06,0.06,365,-0.0846153846154,0,0
0,26.0,26.19,25.69,26.13,0,0,0,0,0.07,0.05,0.06,0.06,985,-2.61153846154,0,0
0,25.06,25.06,24.5,25.19,0,0,0,0,0.08,0.05,0.05,0.08,345,0.0,0,0
0,25.19,25.25,24.69,25.63,0,0,0,0,0.07,0.06,0.07,0.06,360,0.0,0,0
0,25.13,25.13,24.81,25.69,11,13,53,37,0.07,0.05,0.06,0.09,355,0.0,0,0
0,25.25,25.31,24.75,25.63,0,0,0,0,0.07,0.05,0.05,0.06,360,0.0,0,0
1,25.25,25.31,25.0,25.88,115,35,65,46,1.18,0.33,0.24,0.2,360,-0.00384615384615,1,0
2,25.94,26.13,25.81,25.94,146,231,175,22,0.19,0.22,0.47,0.09,810,1.80384615385,0,0
2,26.19,25.75,25.75,26.25,116,24,183,14,0.07,0.05,0.07,0.07,720,1.87307692308,1,0
3,25.75,26.19,25.63,25.81,7,6,36,24,0.38,0.57,0.16,0.1,500,2.08076923077,1,1
0,25.06,25.06,24.56,25.19,5,5,27,19,0.08,0.05,0.06,0.11,350,0.0,0,0
0,25.25,25.31,24.69,25.63,0,0,0,0,0.08,0.05,0.06,0.07,360,0.0,0,0
2,25.94,26.19,25.88,25.94,146,231,172,20,0.32,0.24,0.87,0.3,840,1.40769230769,0,1
2,25.88,25.75,25.25,26.19,160,249,78,58,0.42,0.73,0.08,0.07,420,1.53076923077,1,1
0,25.19,25.25,24.69,25.5,0,0,0,0,0.07,0.05,0.06,0.06,365,0.00384615384615,0,0
0,25.19,25.19,24.75,25.31,0,0,0,0,0.07,0.04,0.06,0.08,345,0.0,0,0
0,25.38,25.44,25.38,26.13,10,12,49,35,0.08,0.05,0.06,0.1,355,0.0,0,0
0,25.13,25.13,24.5,25.44,4,4,20,14,0.06,0.05,0.06,0.06,360,-0.0153846153846,0,0
0,25.19,25.19,24.88,25.75,13,14,59,42,0.08,0.04,0.06,0.11,355,0.0,0,0
1,25.94,25.81,25.63,26.38,120,34,69,43,1.75,0.06,0.55,0.06,570,-1.26538461538,1,0
0,25.19,25.13,24.81,25.75,10,12,51,35,0.09,0.05,0.08,0.06,360,0.103846153846,0,0
0,25.19,25.19,24.63,25.56,0,0,0,0,0.06,0.06,0.06,0.06,360,0.0,0,0
0,25.19,25.13,24.69,25.25,0,0,0,0,0.08,0.04,0.05,0.08,345,0.0,0,0
0,25.06,25.06,24.63,25.38,7,8,39,26,0.08,0.05,0.07,0.06,360,-0.0153846153846,0,0
0,25.06,25.06,24.63,25.31,6,6,32,22,0.08,0.05,0.06,0.1,350,0.0,0,0
0,25.69,25.75,25.38,25.75,0,0,0,0,0.07,0.04,0.05,0.09,650,-1.51153846154,0,0
0,25.31,25.38,25.0,25.44,0,0,0,0,0.07,0.04,0.05,0.09,355,0.0,0,0
0,25.44,25.44,25.25,26.13,0,0,3,2,0.08,0.05,0.06,0.11,350,0.0,0,0
2,25.94,26.13,25.81,25.94,146,230,174,21,0.12,0.82,0.11,0.09,800,1.69230769231,0,0
0,25.13,25.19,24.56,25.5,0,0,0,0,0.07,0.05,0.06,0.06,355,-0.0384615384615,0,0
0,25.38,25.38,24.94,25.81,0,0,0,0,0.08,0.04,0.07,0.1,355,0.0,0,0
0,25.19,25.25,24.63,25.44,0,0,0,0,0.08,0.05,0.06,0.09,355,0.0,0,0
0,25.31,25.31,24.94,25.38,0,0,0,0,0.07,0.05,0.05,0.08,345,-0.261538461538,0,0
0,25.13,25.13,24.81,25.75,11,12,53,36,0.08,0.05,0.07,0.07,360,0.0923076923077,0,0
0,25.19,25.19,24.88,25.81,13,14,59,42,0.08,0.06,0.07,0.07,360,-0.0846153846154,0,0
0,25.31,25.38,24.94,25.44,0,0,0,0,0.08,0.04,0.06,0.09,355,0.0,0,0
0,25.13,25.13,24.81,25.75,10,11,49,35,0.08,0.05,0.06,0.1,355,0.0,0,0
0,25.88,26.06,25.63,25.88,0,0,0,0,0.07,0.05,0.06,0.08,820,-0.976923076923,0,0
0,25.13,25.13,24.5,25.31,0,0,0,0,0.07,0.05,0.05,0.05,360,0.0,0,0
0,25.19,25.19,24.63,25.31,0,0,0,0,0.08,0.04,0.05,0.08,345,0.0,0,0
0,25.5,25.5,25.06,25.81,0,0,0,0,0.07,0.04,0.05,0.06,390,-0.934615384615,0,0
0,25.31,25.38,24.88,25.69,0,0,0,0,0.08,0.05,0.06,0.1,355,0.0,0,0
0,25.31,25.31,24.88,25.75,0,0,0,0,0.07,0.05,0.06,0.09,355,0.0,0,0
0,25.44,25.44,25.44,26.19,8,10,41,30,0.08,0.05,0.06,0.1,355,0.0,0,0
0,25.06,25.0,24.5,25.31,5,6,29,20,0.08,0.05,0.06,0.06,360,0.0,0,0
1,25.44,25.25,25.0,25.88,122,35,63,45,0.27,0.08,0.07,0.06,360,0.0,0,0
0,25.31,25.31,25.19,25.94,17,20,73,53,0.07,0.04,0.06,0.11,355,0.0,0,0
2,25.94,26.0,25.38,26.25,162,253,82,61,0.6,1.55,0.38,0.32,490,-1.87307692308,1,0
3,25.63,26.38,25.5,25.75,9,9,50,30,0.21,0.37,0.29,0.12,390,0.580769230769,1,1
2,26.19,26.13,25.94,26.31,114,19,180,7,0.09,0.96,0.09,0.47,1025,0.480769230769,1,0
2,25.94,25.94,25.38,26.25,162,254,83,62,0.72,1.52,0.34,0.41,435,-2.27307692308,0,0
3,26.31,27.94,26.06,26.38,150,239,180,10,1.29,0.35,0.21,0.18,1220,1.28846153846,0,0
0,25.38,25.44,25.06,25.88,0,0,0,0,0.08,0.05,0.06,0.1,355,0.203846153846,0,0
1,25.94,26.81,25.5,26.25,120,25,45,34,0.1,0.06,0.06,0.06,430,0.846153846154,0,0
0,25.13,25.13,24.56,25.38,6,7,34,23,0.07,0.05,0.06,0.07,360,0.0,0,0
0,25.06,25.13,24.56,25.25,0,0,5,3,0.08,0.05,0.06,0.09,350,-0.165384615385,0,0
0,25.19,25.19,24.63,25.5,0,0,0,0,0.07,0.05,0.06,0.05,360,0.0230769230769,0,0
0,25.13,25.13,24.56,25.44,0,0,0,0,0.06,0.05,0.06,0.06,360,-0.0346153846154,0,0
0,25.06,25.06,24.63,25.31,7,7,37,24,0.11,0.09,0.09,0.05,360,0.0423076923077,0,0
0,25.44,25.44,25.25,26.0,0,0,0,0,0.08,0.06,0.06,0.1,350,0.0,0,0
0,25.31,25.31,25.19,25.94,18,20,77,55,0.08,0.05,0.06,0.1,355,0.0,0,0
0,25.81,25.75,25.5,26.06,0,0,0,0,0.06,0.05,0.07,0.06,770,-2.44230769231,0,0
0,25.44,25.44,25.44,26.13,13,16,65,47,0.08,0.12,0.11,0.1,355,0.0,0,0
0,25.19,25.25,24.69,25.5,0,0,0,0,0.07,0.05,0.06,0.09,355,0.0,0,0
0,25.13,25.13,24.5,25.38,0,0,3,2,0.07,0.04,0.05,0.07,355,-0.0653846153846,0,0
0,25.31,25.31,24.81,25.69,0,0,0,0,0.08,0.06,0.06,0.1,355,0.0,0,0
0,25.31,25.38,24.88,25.75,0,0,0,0,0.08,0.05,0.06,0.1,355,0.0,0,0
0,25.38,25.38,24.88,25.75,0,0,0,0,0.07,0.05,0.06,0.06,375,0.0,0,0
3,25.81,26.13,25.69,25.88,5,7,24,22,2.56,0.31,0.45,0.2,575,3.8,0,1
2,26.19,26.13,25.94,26.25,114,19,180,7,2.18,0.14,0.67,0.09,1030,0.423076923077,0,0
1,26.0,26.81,25.5,26.38,119,23,33,24,0.08,0.06,0.07,0.07,480,1.18461538462,0,0
0,25.5,25.44,25.13,25.63,0,0,0,0,0.08,0.05,0.06,0.09,385,-0.3,0,0
0,25.94,27.0,25.5,26.31,14,14,69,50,0.07,0.07,0.06,0.07,620,0.142307692308,0,0
0,25.19,25.19,24.94,25.81,14,15,61,43,0.08,0.05,0.07,0.07,360,0.0384615384615,0,0
0,25.06,25.06,24.44,25.31,0,0,1,1,0.08,0.05,0.06,0.05,355,0.00769230769231,0,0
0,25.13,25.06,24.63,25.13,6,7,32,21,0.08,0.04,0.05,0.08,345,0.0,0,0
0,25.19,25.25,24.75,25.63,0,0,0,0,0.07,0.05,0.06,0.09,355,0.0,0,0
0,25.69,25.63,25.25,25.81,0,0,0,0,0.06,0.06,0.06,0.06,560,-2.07692307692,0,0
1,25.13,24.88,24.69,25.56,123,35,58,44,0.44,0.13,0.17,0.09,410,0.607692307692,1,0
0,25.5,25.5,25.06,25.69,0,0,0,0,0.07,0.05,0.06,0.06,385,-0.223076923077,0,0
0,25.13,25.13,24.56,25.19,0,0,0,0,0.08,0.04,0.05,0.09,345,0.0,0,0
0,26.0,25.94,25.69,26.19,0,0,0,0,0.07,0.04,0.06,0.07,970,-2.12692307692,0,0
0,25.31,25.38,24.88,25.75,0,0,0,0,0.07,0.05,0.06,0.06,370,-0.242307692308,0,0
0,25.38,25.44,25.0,25.88,0,0,0,0,0.08,0.06,0.06,0.1,355,0.0,0,0
0,25.38,25.44,25.0,25.88,0,0,0,0,0.07,0.05,0.05,0.1,355,0.0,0,0
0,25.63,25.63,25.31,25.69,0,0,0,0,0.07,0.05,0.06,0.09,560,-1.93461538462,0,0
3,26.25,26.25,25.88,26.38,150,234,185,10,0.21,0.9,0.35,0.29,975,2.07692307692,0,1
0,25.5,25.5,25.13,25.63,0,0,0,0,0.08,0.05,0.06,0.09,390,-1.70769230769,0,0
0,25.69,25.75,25.38,25.94,0,0,0,0,0.06,0.06,0.07,0.07,675,-2.15384615385,0,0
0,25.88,25.81,25.5,26.0,0,0,0,0,0.07,0.05,0.06,0.07,790,-1.89615384615,0,0
0,25.38,25.31,24.81,25.75,0,0,0,0,0.08,0.04,0.06,0.06,370,0.0,0,0
0,25.13,25.06,24.63,25.19,6,6,31,20,0.08,0.05,0.05,0.08,345,0.0,0,0
0,25.38,25.44,25.06,25.88,0,0,0,0,0.07,0.05,0.06,0.1,355,3.0792046480700007e-18,0,0
0,25.25,25.19,25.0,25.81,14,15,62,45,0.07,0.05,0.07,0.06,360,-0.0807692307692,0,0
0,25.31,25.31,24.94,25.44,0,0,0,0,0.08,0.04,0.05,0.08,345,-0.184615384615,0,0
0,25.81,25.75,25.38,26.13,0,0,0,0,0.06,0.04,0.06,0.06,720,-2.02692307692,0,0
0,25.56,25.63,25.19,25.94,0,0,0,0,0.07,0.05,0.06,0.07,480,-1.36153846154,0,0
1,25.88,26.75,25.44,26.31,121,26,49,35,0.94,0.11,0.11,0.07,415,-0.130769230769,0,0
0,25.38,25.38,24.94,25.81,0,0,0,0,0.08,0.04,0.06,0.09,355,0.0,0,0
0,25.13,25.13,24.56,25.19,0,0,0,0,0.08,0.05,0.05,0.08,345,0.0,0,0
0,25.44,25.44,25.25,26.06,0,0,0,0,0.08,0.06,0.06,0.1,350,0.0,0,0
2,25.69,28.38,25.19,26.0,155,242,190,60,0.57,0.15,0.77,0.19,645,0.426923076923,1,0
0,25.31,25.38,24.94,25.69,0,0,0,0,0.08,0.06,0.06,0.11,355,0.0,0,0
3,26.31,27.94,26.13,26.44,142,227,173,10,1.01,1.0,2.15,0.72,1265,2.15769230769,1,1
0,25.75,25.75,25.44,26.06,0,0,0,0,0.07,0.05,0.06,0.07,715,-1.99230769231,0,0
0,25.19,25.13,24.69,25.25,0,0,0,0,0.08,0.05,0.06,0.08,345,0.0,0,0
0,25.13,25.13,24.75,25.56,9,10,45,30,0.08,0.06,0.06,0.06,360,-0.0923076923077,0,0
0,25.06,25.13,24.63,25.31,6,6,33,21,0.08,0.06,0.07,0.1,350,0.0,0,0
0,25.13,25.19,24.56,25.5,0,0,0,0,0.07,0.04,0.06,0.07,355,-0.192307692308,0,0
0,25.19,25.25,24.69,25.5,0,0,0,0,0.07,0.05,0.06,0.1,355,0.0,0,0
0,25.06,25.06,24.69,25.56,9,10,45,30,0.08,0.05,0.06,0.1,355,0.0,0,0
2,26.25,26.13,25.94,26.25,114,19,180,7,1.48,0.82,0.45,0.35,1005,-0.130769230769,0,0
0,25.38,25.44,25.06,25.88,0,0,0,0,0.08,0.05,0.07,0.1,355,0.0423076923077,0,0
0,25.44,25.44,25.19,26.0,0,0,0,0,0.07,0.06,0.06,0.09,350,0.0384615384615,0,0
0,25.38,25.44,24.94,25.69,0,0,0,0,0.07,0.05,0.06,0.06,375,-0.00384615384615,0,0
0,25.44,25.5,25.06,25.81,0,0,0,0,0.07,0.05,0.06,0.07,385,-0.119230769231,0,0
0,25.19,25.19,24.75,25.19,0,0,0,0,0.08,0.05,0.06,0.09,345,0.0,0,0
0,25.13,25.13,24.63,25.38,6,7,35,23,0.07,0.05,0.05,0.06,360,0.0,0,0
0,25.69,25.63,25.31,25.81,0,0,0,0,0.07,0.05,0.07,0.06,565,-2.19230769231,0,0
0,25.69,25.69,25.31,25.81,0,0,0,0,0.07,0.05,0.06,0.06,630,-2.33461538462,0,0
0,25.13,25.13,24.56,25.38,0,0,0,0,0.08,0.06,0.06,0.06,355,-0.153846153846,0,0
3,25.81,26.13,25.81,25.88,4,5,33,15,0.36,0.33,0.15,0.1,685,3.77692307692,1,1
0,25.19,25.19,24.63,25.5,0,0,0,0,0.07,0.05,0.06,0.06,360,3.0792046480700007e-18,0,0
0,25.06,25.06,24.56,25.19,2,2,11,7,0.08,0.05,0.06,0.1,350,0.0,0,0
0,25.31,25.38,25.25,26.0,18,21,75,56,0.07,0.05,0.06,0.1,355,0.0,0,0
0,25.06,25.0,24.56,25.13,5,5,25,18,0.08,0.05,0.05,0.08,345,0.0,0,0
3,26.31,26.38,26.0,26.31,148,234,178,10,0.14,0.12,0.16,0.07,1010,2.84615384615,1,1
3,26.31,26.56,26.0,26.38,148,235,179,10,0.7,0.53,1.98,0.58,905,2.15769230769,1,1
2,25.88,25.75,25.25,26.19,159,248,75,54,0.64,0.1,0.08,0.23,420,1.28846153846,1,0
0,25.19,25.19,24.69,25.31,0,0,0,0,0.07,0.05,0.06,0.09,345,0.0,0,0
0,25.25,25.25,24.69,25.56,0,0,0,0,0.06,0.05,0.06,0.06,365,-0.00769230769231,0,0
0,25.0,25.06,24.63,25.5,9,9,43,29,0.08,0.05,0.06,0.09,355,0.0,0,0
0,25.69,25.75,25.44,25.75,0,0,0,0,0.08,0.04,0.05,0.08,665,-3.00384615385,0,0
0,25.06,25.06,24.56,25.13,5,5,23,16,0.07,0.04,0.05,0.09,345,0.0,0,0
0,25.13,25.13,24.63,25.38,6,7,35,22,0.07,0.05,0.06,0.08,360,-0.0269230769231,0,0
0,25.19,25.13,24.81,25.75,13,14,58,41,0.08,0.05,0.06,0.1,355,0.0,0,0
0,25.94,26.0,25.56,26.13,0,0,0,0,0.07,0.05,0.06,0.06,910,-3.61153846154,0,0
0,25.44,25.44,25.19,26.0,0,0,0,0,0.08,0.05,0.06,0.09,355,0.0346153846154,0,0
0,25.25,25.19,24.69,25.56,0,0,0,0,0.08,0.05,0.05,0.06,360,-0.0692307692308,0,0
0,25.25,25.31,24.75,25.63,0,0,0,0,0.06,0.05,0.06,0.06,365,0.0,0,0
0,25.06,25.13,24.56,25.44,2,3,14,10,0.07,0.05,0.05,0.08,360,-0.0461538461538,0,0
0,25.06,25.13,24.5,25.38,5,5,26,17,0.07,0.05,0.06,0.07,360,0.0,0,0
0,25.19,25.19,25.0,25.88,14,17,65,45,0.08,0.05,0.07,0.11,355,0.0,0,0
3,26.25,26.06,25.81,26.31,150,237,187,11,1.53,0.75,3.66,0.96,780,2.22692307692,1,0
0,26.0,26.19,25.75,26.19,0,0,0,0,0.07,0.05,0.06,0.06,1015,-3.71538461538,0,0
0,25.81,26.88,25.5,26.25,11,12,59,43,0.07,0.06,0.06,0.06,520,-0.507692307692,0,0
0,25.44,25.44,24.94,25.81,0,0,0,0,0.07,0.12,0.07,0.06,370,-0.0307692307692,0,0
0,25.13,25.06,24.56,25.19,0,0,0,0,0.08,0.05,0.05,0.09,345,0.0,0,0
3,26.38,28.06,26.13,26.5,142,226,171,10,1.26,1.31,0.8,0.34,1220,0.415384615385,0,1
1,25.88,26.81,25.5,26.25,120,26,48,35,0.39,0.06,0.06,0.06,415,-1.18846153846,0,0
0,25.31,25.38,24.94,25.5,0,0,0,0,0.08,0.04,0.06,0.08,355,-0.157692307692,0,0
1,25.31,25.25,24.94,25.88,123,36,68,49,0.32,0.08,0.07,0.06,360,0.111538461538,0,0
0,25.19,25.19,25.0,25.81,14,15,62,44,0.07,0.05,0.07,0.1,355,0.0,0,0
0,25.44,25.44,25.31,26.13,2,2,11,8,0.08,0.05,0.06,0.1,350,-0.0307692307692,0,0
0,25.88,25.75,25.44,26.06,0,0,0,0,0.07,0.05,0.06,0.06,750,-2.16153846154,0,0
1,25.06,24.81,24.63,25.56,122,35,57,44,0.25,0.07,0.07,0.05,395,-0.653846153846,1,0
0,25.06,25.06,24.56,25.13,1,1,10,6,0.08,0.05,0.05,0.08,345,0.0,0,0
0,25.19,25.19,24.69,25.25,0,0,0,0,0.07,0.05,0.05,0.08,345,0.0,0,0
0,25.25,25.31,24.88,25.38,0,0,0,0,0.07,0.05,0.05,0.09,345,0.0,0,0
1,25.19,24.88,24.69,25.69,122,35,59,44,0.08,0.06,0.06,0.06,405,0.892307692308,0,0
0,25.44,25.44,24.94,25.69,0,0,0,0,0.07,0.05,0.06,0.06,365,0.0,0,0
0,25.06,25.06,24.44,25.31,0,0,0,0,0.08,0.04,0.06,0.06,355,-7.69801162017e-19,0,0
0,25.5,25.5,25.06,25.94,0,0,0,0,0.07,0.04,0.06,0.06,405,-1.01923076923,0,0
0,25.25,25.31,24.81,25.69,0,0,0,0,0.08,0.04,0.07,0.09,355,0.0,0,0
0,25.13,25.19,24.69,25.31,0,0,0,0,0.08,0.04,0.05,0.08,345,0.0,0,0
0,25.63,25.56,25.19,25.81,0,0,0,0,0.06,0.04,0.06,0.07,460,-2.24230769231,0,0
0,25.44,25.44,25.13,26.0,0,0,0,0,0.08,0.05,0.06,0.1,350,0.161538461538,0,0
0,25.44,25.44,25.0,25.56,0,0,0,0,0.06,0.05,0.06,0.06,375,0.0,0,0
0,25.19,25.19,24.63,25.44,0,0,0,0,0.07,0.05,0.06,0.11,355,0.0,0,0
3,25.81,28.94,25.38,26.06,160,244,223,67,0.83,0.54,1.41,0.47,695,2.29615384615,1,1
0,25.19,25.19,24.69,25.56,0,0,0,0,0.07,0.05,0.05,0.05,360,-0.0692307692308,0,0
0,25.56,25.63,25.31,25.69,0,0,0,0,0.08,0.05,0.06,0.09,540,-2.22307692308,0,0
3,26.25,27.0,25.88,26.38,148,235,177,10,1.25,0.5,0.09,0.08,890,2.44230769231,1,1
0,25.06,25.06,24.56,25.13,0,0,4,2,0.07,0.06,0.06,0.08,345,0.0,0,0
3,26.25,26.63,25.94,26.38,150,236,180,10,0.9,0.69,1.33,0.88,1105,2.41923076923,0,1
0,25.44,25.44,24.94,25.63,0,0,0,0,0.07,0.05,0.06,0.07,370,0.0,0,0
2,25.88,25.88,25.38,26.25,160,250,80,58,0.58,0.85,0.37,0.28,510,2.52692307692,1,0
2,26.19,25.75,25.75,26.31,116,24,182,14,0.11,0.05,0.07,0.06,725,1.78461538462,0,1
0,25.06,25.06,24.63,25.38,7,7,37,24,0.08,0.04,0.06,0.05,360,0.0230769230769,0,0
0,25.63,25.69,25.31,25.75,0,0,0,0,0.07,0.05,0.06,0.08,630,-1.64615384615,0,0
0,25.06,25.06,24.56,25.31,6,6,34,22,0.07,0.05,0.06,0.06,360,0.0,0,0
0,25.13,25.13,24.75,25.69,10,10,48,33,0.08,0.05,0.06,0.06,355,-0.153846153846,0,0
0,25.25,25.31,24.88,25.38,0,0,0,0,0.07,0.04,0.05,0.08,345,0.0,0,0
0,25.19,25.25,24.69,25.25,0,0,0,0,0.07,0.04,0.06,0.09,345,0.0,0,0
0,25.81,25.88,25.5,26.0,0,0,0,0,0.08,0.04,0.06,0.06,795,-2.7,0,0
0,25.56,25.63,25.19,25.94,0,0,0,0,0.07,0.05,0.07,0.06,480,-1.36923076923,0,0
0,25.38,25.44,25.38,26.13,15,20,74,54,0.08,0.06,0.07,0.1,355,0.0,0,0
0,25.31,25.31,24.88,25.75,0,0,0,0,0.08,0.05,0.06,0.1,355,0.0,0,0
0,25.38,25.44,25.06,25.88,0,0,0,0,0.08,0.06,0.06,0.09,355,0.2,0,0
0,25.13,25.13,24.63,25.25,0,0,0,0,0.08,0.05,0.05,0.08,345,0.0,0,0
0,25.13,25.06,24.63,25.13,6,6,31,21,0.08,0.04,0.06,0.09,345,0.0,0,0
3,25.69,26.38,25.56,25.75,9,8,33,29,0.1,0.05,0.09,0.09,445,2.54230769231,0,0
0,25.38,25.38,25.06,25.88,0,0,0,0,0.08,0.05,0.07,0.1,355,0.0,0,0
1,26.0,25.75,25.56,26.38,119,29,53,32,0.34,0.17,0.13,0.07,595,0.365384615385,1,0
0,25.13,25.13,24.75,25.69,10,11,50,35,0.09,0.06,0.07,0.06,355,-0.0730769230769,0,0
0,25.38,25.44,25.0,25.56,0,0,0,0,0.06,0.05,0.06,0.06,375,-0.296153846154,0,0
0,25.38,25.38,25.0,25.81,0,0,0,0,0.07,0.05,0.06,0.09,355,0.0,0,0
0,25.13,25.13,24.5,25.38,1,1,10,6,0.07,0.05,0.07,0.07,355,0.0307692307692,0,0
0,25.31,25.38,24.81,25.69,0,0,0,0,0.06,0.05,0.06,0.06,365,0.0,0,0
0,25.31,25.31,24.94,25.75,0,0,0,0,0.07,0.05,0.06,0.06,370,-0.223076923077,0,0
0,26.0,26.19,25.69,26.13,0,0,0,0,0.07,0.04,0.06,0.06,990,-2.38461538462,0,0
0,25.19,25.19,24.63,25.5,0,0,0,0,0.08,0.06,0.05,0.05,360,0.0,0,0
2,26.25,26.38,25.94,26.38,117,19,184,7,0.38,0.16,0.54,0.21,1065,1.57692307692,0,0
0,25.25,25.25,25.13,25.88,17,20,74,53,0.09,0.06,0.08,0.1,355,0.0,0,0
0,25.44,25.44,24.94,25.75,0,0,0,0,0.07,0.05,0.07,0.06,365,-0.165384615385,0,0
2,26.06,27.38,25.94,26.31,165,254,278,72,0.66,0.68,2.9,0.5,840,-0.0961538461538,1,1
0,25.13,25.19,24.88,25.75,12,14,57,40,0.08,0.04,0.06,0.09,355,0.0,0,0
0,25.38,25.44,25.06,25.88,0,0,0,0,0.07,0.05,0.06,0.1,355,0.0,0,0
0,25.19,25.19,24.75,25.25,0,0,0,0,0.07,0.05,0.05,0.08,345,0.0,0,0
0,25.38,25.44,25.06,25.94,0,0,0,0,0.07,0.05,0.06,0.1,355,0.0615384615385,0,0
0,25.38,25.38,25.0,25.88,0,0,0,0,0.07,0.05,0.06,0.1,355,0.0,0,0
0,25.75,25.81,25.5,25.81,0,0,0,0,0.07,0.04,0.06,0.1,730,-1.56923076923,0,0
0,25.19,25.19,24.75,25.25,0,0,0,0,0.07,0.05,0.06,0.09,345,0.0,0,0
0,25.19,25.13,24.56,25.5,0,0,0,0,0.07,0.06,0.05,0.05,360,0.0,0,0
2,25.75,28.38,25.19,26.06,155,242,78,60,0.13,0.1,0.06,0.07,645,0.765384615385,0,0
0,25.13,25.13,24.5,25.44,0,0,6,4,0.06,0.05,0.06,0.06,360,0.176923076923,0,0
2,25.63,27.81,25.13,26.0,157,244,78,59,0.96,0.64,0.19,0.22,630,1.62692307692,1,1
0,25.38,25.44,25.06,25.81,0,0,0,0,0.13,0.05,0.06,0.1,355,0.0461538461538,0,0
0,25.13,25.13,24.5,25.5,4,4,20,14,0.07,0.05,0.06,0.06,360,-0.00384615384615,0,0
0,25.19,25.19,24.69,25.25,0,0,0,0,0.07,0.05,0.05,0.09,345,0.0,0,0
2,25.94,26.13,25.88,25.94,146,230,170,19,0.17,0.32,0.45,0.1,835,1.83846153846,0,1
1,26.0,25.81,25.63,26.31,119,32,64,40,0.08,0.05,0.06,0.07,575,-0.334615384615,0,0
0,25.38,25.38,24.94,25.75,0,0,0,0,0.08,0.04,0.07,0.07,375,0.0,0,0
0,25.06,25.06,24.44,25.31,0,0,1,1,0.08,0.05,0.07,0.06,355,0.0153846153846,0,0
0,25.31,25.31,25.25,26.0,15,19,67,49,0.08,0.05,0.06,0.09,355,0.0,0,0
0,25.06,25.06,24.44,25.38,1,1,8,5,0.08,0.05,0.07,0.05,355,0.0,0,0
0,25.19,25.25,24.63,25.56,0,0,0,0,0.07,0.06,0.06,0.06,360,0.0,0,0
0,25.19,25.19,24.94,25.88,14,16,65,46,0.08,0.05,0.07,0.06,360,0.05,0,0
0,25.06,25.13,24.5,25.38,1,1,9,5,0.06,0.04,0.07,0.06,360,0.0807692307692,0,0
0,25.69,25.69,25.31,25.88,0,0,0,0,0.06,0.05,0.06,0.06,595,-2.10769230769,0,0
3,26.31,27.63,26.06,26.44,150,237,180,10,2.39,0.75,3.65,0.75,1195,2.17692307692,1,1
0,25.44,25.44,25.06,26.0,0,0,0,0,0.08,0.05,0.06,0.1,355,-0.0615384615385,0,0
0,25.5,25.56,25.13,25.63,0,0,0,0,0.07,0.04,0.06,0.06,390,-1.65384615385,0,0
0,25.63,25.63,25.31,25.69,0,0,0,0,0.07,0.05,0.05,0.09,600,-1.25,0,0
0,25.56,25.56,25.25,25.69,0,0,0,0,0.07,0.04,0.06,0.08,520,-1.99230769231,0,0
0,25.44,25.44,25.25,26.06,0,0,0,0,0.08,0.05,0.06,0.1,350,-0.0423076923077,0,0
0,25.44,25.44,25.06,25.56,0,0,0,0,0.07,0.04,0.05,0.08,375,-0.203846153846,0,0
0,25.5,25.5,25.06,25.88,0,0,0,0,0.07,0.04,0.06,0.06,390,-0.307692307692,0,0
0,25.63,25.63,25.31,25.69,0,0,0,0,0.08,0.05,0.05,0.08,595,-1.42692307692,0,0
0,25.25,25.31,24.94,25.38,0,0,0,0,0.06,0.05,0.05,0.09,345,0.0,0,0
0,25.31,25.38,24.88,25.69,0,0,0,0,0.06,0.06,0.06,0.07,365,0.0,0,0
0,25.13,25.19,24.63,25.25,0,0,0,0,0.08,0.05,0.05,0.08,345,0.0,0,0
0,25.13,25.19,24.63,25.25,0,0,0,0,0.08,0.04,0.06,0.08,345,0.0,0,0
0,25.13,25.13,24.5,25.44,0,0,0,0,0.06,0.05,0.05,0.06,355,0.0346153846154,0,0
1,25.94,25.81,25.63,26.31,119,32,65,41,0.32,0.09,0.09,0.06,575,-0.946153846154,0,0
0,25.31,25.31,24.88,25.75,0,0,0,0,0.08,0.04,0.06,0.1,355,0.0,0,0
0,25.25,25.31,24.81,25.63,0,0,0,0,0.08,0.05,0.06,0.1,355,0.0,0,0
2,26.0,26.75,25.44,26.25,163,251,87,64,0.63,0.73,0.31,0.29,570,3.76923076923,0,0
0,25.31,25.25,24.81,25.69,0,0,0,0,0.08,0.05,0.06,0.07,365,-0.134615384615,0,0
0,25.31,25.31,24.81,25.69,0,0,0,0,0.08,0.06,0.06,0.1,355,0.0,0,0
3,25.69,26.38,25.56,25.75,9,9,33,30,0.43,0.27,0.1,0.15,425,2.44230769231,1,1
0,25.25,25.31,24.81,25.69,0,0,0,0,0.08,0.05,0.06,0.09,355,0.0,0,0
0,25.44,25.44,25.13,26.0,0,0,0,0,0.08,0.05,0.06,0.1,355,0.0346153846154,0,0
0,25.44,25.44,25.31,26.13,0,0,5,3,0.08,0.05,0.06,0.1,350,0.0,0,0
1,26.06,26.81,25.5,26.25,116,20,24,17,0.07,0.09,0.08,0.08,525,1.05,0,0
0,25.31,25.25,24.81,25.69,0,0,0,0,0.06,0.05,0.06,0.06,365,0.0,0,0
2,26.13,25.88,25.56,26.31,119,24,195,16,1.38,0.21,2.44,0.14,585,1.46153846154,1,1
3,26.25,26.19,25.88,26.38,150,234,186,10,0.08,0.34,0.12,0.07,915,4.08846153846,0,0
0,25.19,25.25,24.69,25.63,0,0,0,0,0.06,0.05,0.06,0.06,360,0.0,0,0
0,25.31,25.31,24.88,25.38,0,0,0,0,0.08,0.04,0.06,0.09,345,0.0,0,0
0,25.06,25.06,24.63,25.19,6,6,31,21,0.07,0.06,0.05,0.1,350,0.0,0,0
0,25.88,26.06,25.63,26.06,0,0,0,0,0.06,0.04,0.06,0.06,910,-3.58846153846,0,0
0,25.38,25.38,24.94,25.81,0,0,0,0,0.07,0.05,0.06,0.09,355,0.0,0,0
0,25.13,25.13,24.56,25.44,0,0,0,0,0.07,0.05,0.06,0.06,360,0.0,0,0
0,25.19,25.19,24.94,25.81,13,14,57,40,0.08,0.05,0.05,0.1,355,0.0,0,0
0,25.31,25.31,24.94,25.44,0,0,0,0,0.07,0.05,0.05,0.09,345,0.0,0,0
0,25.13,25.13,24.63,25.25,0,0,0,0,0.07,0.04,0.05,0.09,345,0.0,0,0
0,25.38,25.38,25.0,25.5,0,0,0,0,0.07,0.04,0.05,0.09,365,-0.0653846153846,0,0
1,26.0,25.81,25.63,26.25,119,31,61,38,0.54,0.05,0.23,0.06,585,0.326923076923,0,0
0,25.44,25.44,25.06,25.81,0,0,0,0,0.08,0.06,0.07,0.1,355,0.0846153846154,0,0
0,25.13,25.19,24.63,25.5,0,0,0,0,0.08,0.05,0.06,0.05,360,0.0,0,0
0,25.31,25.31,24.75,25.69,0,0,0,0,0.06,0.05,0.06,0.06,360,-0.00384615384615,0,0
0,25.06,25.06,24.5,25.31,1,1,10,6,0.08,0.05,0.06,0.06,355,0.0,0,0
0,25.19,25.25,24.75,25.38,0,0,0,0,0.07,0.05,0.06,0.08,345,0.0,0,0
3,26.25,26.19,25.88,26.38,150,234,185,10,0.6,0.3,0.08,0.09,905,3.85384615385,0,1
0,25.81,25.94,25.56,26.06,0,0,0,0,0.08,0.04,0.06,0.06,820,-3.34615384615,0,0
0,25.19,25.19,24.69,25.25,0,0,0,0,0.07,0.04,0.05,0.09,345,0.0,0,0
0,25.19,25.19,24.69,25.25,0,0,0,0,0.08,0.04,0.05,0.09,345,0.0,0,0
0,25.06,25.06,24.56,25.06,5,5,25,17,0.07,0.06,0.06,0.1,350,0.0,0,0
0,25.38,25.44,25.0,25.81,0,0,0,0,0.07,0.05,0.05,0.1,355,0.0,0,0
0,25.19,25.19,24.69,25.31,0,0,0,0,0.08,0.05,0.06,0.08,345,0.0,0,0
0,25.38,25.38,24.94,25.81,0,0,0,0,0.07,0.06,0.07,0.1,355,0.0,0,0
0,25.38,25.44,25.38,26.13,19,24,85,61,0.08,0.06,0.06,0.1,355,0.0,0,0
0,25.13,25.13,24.63,25.25,0,0,0,0,0.08,0.04,0.05,0.08,345,0.0,0,0
0,25.38,25.38,24.94,25.81,0,0,0,0,0.07,0.06,0.06,0.09,355,0.0,0,0
0,25.19,25.19,24.69,25.25,0,0,0,0,0.07,0.04,0.05,0.09,345,0.0,0,0
0,25.31,25.31,24.81,25.69,0,0,0,0,0.07,0.05,0.06,0.06,365,-0.0423076923077,0,0
0,25.56,25.5,25.19,25.63,0,0,0,0,0.07,0.05,0.05,0.09,450,-1.4,0,0
0,25.06,25.06,24.63,25.31,6,6,32,22,0.09,0.06,0.08,0.1,350,0.0,0,0
2,26.19,25.69,25.75,26.31,115,24,181,13,0.63,0.64,3.14,0.57,730,1.46153846154,0,1
0,25.25,25.31,24.88,25.38,0,0,0,0,0.07,0.04,0.05,0.09,345,0.0,0,0
0,25.06,25.06,24.56,25.13,4,5,21,15,0.08,0.06,0.05,0.08,345,0.0,0,0
0,25.5,25.5,25.19,25.63,0,0,0,0,0.08,0.05,0.05,0.09,430,-1.92692307692,0,0
3,26.25,26.63,25.94,26.38,150,236,180,10,1.33,0.5,1.33,0.54,1085,2.21153846154,0,1
0,25.13,25.13,24.56,25.5,6,6,33,21,0.07,0.05,0.06,0.06,360,0.0,0,0
0,25.19,25.19,24.88,25.75,12,14,56,39,0.07,0.05,0.06,0.09,355,0.0,0,0
0,25.31,25.31,24.81,25.81,0,0,0,0,0.07,0.04,0.06,0.06,370,0.0,0,0
0,25.25,25.25,24.81,25.31,0,0,0,0,0.07,0.05,0.06,0.09,345,0.0,0,0
0,25.19,25.25,24.63,25.5,0,0,0,0,0.07,0.05,0.06,0.07,360,7.69801162017e-19,0,0
0,25.19,25.19,24.63,25.5,0,0,0,0,0.07,0.05,0.06,0.06,360,0.0,0,0
0,25.06,25.06,24.56,25.13,1,1,9,5,0.08,0.05,0.05,0.08,345,0.0,0,0
0,25.19,25.25,24.75,25.25,0,0,0,0,0.07,0.04,0.06,0.09,345,0.0,0,0
0,25.13,25.25,24.75,25.31,0,0,0,0,0.07,0.05,0.06,0.08,345,0.0,0,0
0,25.69,25.69,25.25,25.88,0,0,0,0,0.09,0.07,0.07,0.06,575,-1.75384615385,0,0
1,25.25,24.94,24.75,25.63,124,36,61,46,0.16,0.06,0.05,0.06,435,1.26923076923,0,0
0,25.81,26.88,25.5,26.31,11,12,58,42,0.07,0.36,0.17,0.07,515,-0.980769230769,1,0
2,26.13,25.75,25.63,26.25,119,27,213,25,0.83,0.64,1.55,1.0,615,0.284615384615,1,1
0,25.5,25.56,25.13,25.88,0,0,0,0,0.08,0.05,0.06,0.06,435,-1.12307692308,0,0
0,25.31,25.31,24.81,25.75,0,0,0,0,0.08,0.05,0.06,0.09,355,0.0,0,0
0,25.31,25.31,24.81,25.69,0,0,0,0,0.08,0.04,0.07,0.1,355,0.0,0,0
0,25.44,25.44,25.06,25.94,0,0,0,0,0.07,0.06,0.07,0.1,355,0.0,0,0
0,25.44,25.44,24.94,25.69,0,0,0,0,0.07,0.04,0.06,0.06,370,-0.1,0,0
0,25.06,25.06,24.5,25.19,0,0,0,0,0.07,0.05,0.06,0.05,360,-0.0461538461538,0,0
0,25.38,25.38,24.94,25.75,0,0,0,0,0.07,0.05,0.06,0.09,355,0.0,0,0
2,26.19,25.75,25.81,26.38,115,24,180,12,0.07,0.05,0.06,0.07,745,1.34615384615,0,1
0,25.13,25.13,24.69,25.5,9,10,45,30,0.08,0.05,0.06,0.05,355,-0.0884615384615,0,0
0,25.69,25.75,25.38,25.88,0,0,0,0,0.07,0.05,0.07,0.06,680,-2.15,0,0
0,25.25,25.25,24.88,25.38,0,0,0,0,0.08,0.04,0.05,0.08,345,0.0,0,0
0,25.25,25.25,24.75,25.63,0,0,0,0,0.06,0.05,0.07,0.06,360,0.0,0,0
0,25.56,25.56,25.19,25.69,0,0,0,0,0.07,0.05,0.07,0.06,440,-1.36538461538,0,0
0,25.5,25.5,25.06,25.81,0,0,0,0,0.07,0.05,0.06,0.06,390,0.0,0,0
0,25.19,25.19,24.69,25.56,0,0,0,0,0.07,0.05,0.05,0.06,360,-0.0230769230769,0,0
0,25.13,25.13,24.56,25.38,0,0,0,0,0.07,0.05,0.07,0.06,360,0.0,0,0
0,25.38,25.44,24.94,25.69,0,0,0,0,0.07,0.05,0.06,0.07,370,-0.0192307692308,0,0
0,26.13,26.0,25.75,26.19,0,0,0,0,0.07,0.05,0.06,0.06,990,-1.48846153846,0,0
3,26.19,27.19,26.06,26.31,164,251,273,74,1.25,0.51,0.12,0.23,960,1.98461538462,1,0
0,25.19,25.19,24.69,25.5,0,0,0,0,0.08,0.05,0.06,0.1,355,0.0,0,0
0,25.44,25.44,25.25,26.06,0,0,0,0,0.07,0.05,0.06,0.11,350,0.0,1,0
0,25.06,25.13,24.69,25.25,6,7,33,22,0.08,0.05,0.06,0.09,345,0.0,0,0
0,25.13,25.13,24.63,25.38,6,7,35,22,0.07,0.05,0.06,0.06,360,-0.0153846153846,0,0
0,25.06,25.06,24.44,25.25,0,0,0,0,0.08,0.05,0.06,0.05,360,-0.1,0,0
0,25.06,25.06,24.56,25.38,7,7,35,24,0.08,0.05,0.06,0.06,360,-0.0192307692308,0,0
2,26.19,25.75,25.75,26.25,116,25,185,16,1.26,0.87,3.6,1.12,700,2.37307692308,1,1
0,25.31,25.31,24.81,25.69,0,0,0,0,0.08,0.05,0.05,0.1,355,0.0,0,0
0,25.19,25.19,24.69,25.31,0,0,0,0,0.07,0.05,0.06,0.09,345,0.0,0,0
0,25.13,25.06,24.69,25.25,6,7,34,22,0.11,0.05,0.06,0.08,345,0.0,0,0
1,25.81,26.75,25.5,26.25,118,25,49,35,0.7,0.14,0.17,0.12,415,-1.80769230769,0,0
0,25.19,25.25,24.69,25.5,0,0,0,0,0.08,0.06,0.07,0.1,355,0.0,0,0
0,25.13,25.13,24.69,25.31,6,6,32,21,0.08,0.05,0.06,0.09,350,0.0,0,0
0,25.44,25.44,25.13,26.0,0,0,0,0,0.08,0.05,0.06,0.1,350,-0.0923076923077,0,0
0,25.06,25.06,24.56,25.06,3,3,16,11,0.08,0.04,0.06,0.09,345,0.0,0,0
0,25.25,25.31,24.88,25.38,0,0,0,0,0.07,0.04,0.07,0.08,345,0.0,0,0
0,25.44,25.44,25.38,26.06,5,5,27,20,0.08,0.34,0.06,0.1,350,-0.165384615385,0,0
0,25.19,25.25,24.81,25.31,0,0,0,0,0.07,0.05,0.05,0.08,345,0.0,0,0
0,25.44,25.44,25.31,26.13,1,1,6,5,0.08,0.05,0.06,0.11,350,0.0,0,0
0,25.25,25.31,24.81,25.69,0,0,0,0,0.07,0.05,0.07,0.06,365,-0.0884615384615,0,0
3,26.25,26.31,25.94,26.38,150,235,185,10,0.08,0.1,0.52,0.07,995,2.3,0,0
0,25.19,25.19,24.63,25.25,0,0,0,0,0.08,0.05,0.06,0.08,345,0.0,0,0
0,25.31,25.31,24.81,25.75,0,0,0,0,0.07,0.05,0.06,0.09,355,0.0,0,0
0,25.19,25.19,24.94,25.81,13,14,59,43,0.08,0.05,0.05,0.1,355,0.0,0,0
2,26.19,25.75,25.81,26.31,114,24,175,10,0.65,0.59,1.34,0.46,795,2.31153846154,1,1
3,26.19,26.13,25.81,26.38,150,235,185,11,0.99,0.37,3.39,0.32,805,1.20384615385,1,0
0,25.19,25.19,24.75,25.31,0,0,0,0,0.07,0.04,0.06,0.09,345,0.0,0,0
0,25.13,25.13,24.81,25.81,12,13,54,38,0.08,0.05,0.06,0.1,355,0.0,0,0
2,26.19,25.81,25.69,26.38,117,23,189,12,0.7,0.34,1.52,0.32,665,3.04615384615,0,0
2,25.69,28.13,25.13,26.06,155,242,77,60,0.18,0.06,0.07,0.07,645,1.11153846154,0,0
0,25.0,25.0,24.44,25.38,3,3,16,12,0.08,0.05,0.06,0.06,355,-0.00384615384615,0,0
0,25.06,25.06,24.56,25.19,0,0,1,1,0.08,0.05,0.06,0.08,345,0.0,0,0
0,25.75,26.81,25.5,26.25,10,10,53,38,0.06,0.05,0.06,0.06,455,-1.40384615385,0,0
0,25.06,25.06,24.44,25.38,2,2,12,7,0.08,0.05,0.07,0.05,355,0.0115384615385,0,0
0,25.19,25.19,24.69,25.25,0,0,0,0,0.07,0.05,0.05,0.1,345,0.0,0,0
0,25.25,25.31,24.75,25.56,0,0,0,0,0.07,0.05,0.06,0.1,355,0.0,0,0
0,26.19,26.94,26.13,26.38,19,22,97,60,0.19,0.18,0.32,0.08,970,-0.303846153846,0,1
0,26.13,26.44,25.81,26.25,0,0,0,0,0.07,0.05,0.05,0.06,1075,-4.3,0,0
0,25.06,25.06,24.56,25.38,7,8,38,25,0.07,0.05,0.07,0.09,355,0.0,0,0
3,25.88,26.13,25.75,25.94,149,239,185,25,0.13,0.08,0.09,0.08,785,1.60769230769,1,0
0,25.44,25.44,25.38,26.19,3,4,19,13,0.1,0.16,0.11,0.11,350,-0.0346153846154,0,0
0,25.19,25.25,24.81,25.25,0,0,0,0,0.07,0.05,0.06,0.08,345,0.0,0,0
2,26.25,26.13,25.94,26.25,114,19,180,7,0.13,0.08,0.14,0.07,1030,0.334615384615,0,0
2,26.13,26.19,25.5,26.31,119,24,202,19,1.2,0.11,1.15,0.09,560,0.869230769231,0,0
0,25.06,25.13,24.5,25.44,5,5,26,18,0.07,0.04,0.06,0.07,360,0.0,0,0
0,25.31,25.31,24.81,25.69,0,0,0,0,0.08,0.05,0.06,0.1,355,0.0,0,0
0,25.13,25.13,24.75,25.75,10,12,49,35,0.08,0.04,0.06,0.1,355,0.0,0,0
0,25.25,25.25,24.75,25.63,0,0,0,0,0.07,0.05,0.07,0.07,365,-0.0615384615385,0,0
0,25.13,25.13,24.5,25.31,0,0,0,0,0.08,0.04,0.06,0.06,355,-0.0769230769231,0,0
3,25.94,28.25,25.63,26.19,162,249,226,69,0.45,2.22,1.13,0.32,840,8.43846153846,1,1
0,25.38,25.38,25.0,25.88,0,0,0,0,0.07,0.05,0.06,0.1,355,0.0,0,0
0,25.06,25.06,24.56,25.44,7,8,37,24,0.07,0.05,0.05,0.09,355,0.0,0,0
0,25.19,25.19,24.63,25.44,0,0,0,0,0.07,0.05,0.07,0.09,355,0.0,0,0
2,26.25,26.31,25.94,26.31,113,18,176,7,1.11,0.14,0.42,0.17,1035,-1.01538461538,0,0
0,25.44,25.44,25.19,26.06,0,0,0,0,0.07,0.05,0.07,0.11,355,0.230769230769,0,0
3,26.38,27.94,26.06,26.44,150,239,181,10,0.75,0.21,0.11,0.18,1215,0.619230769231,1,0
3,26.0,27.88,25.75,26.25,165,254,272,70,2.42,0.34,0.7,0.17,860,0.923076923077,1,1
0,25.06,25.06,24.44,25.31,5,5,24,16,0.08,0.05,0.06,0.06,360,0.0846153846154,0,0
0,25.31,25.31,24.81,25.69,0,0,0,0,0.08,0.06,0.06,0.1,355,0.0,0,0
0,25.44,25.44,25.44,26.13,11,14,57,41,0.08,0.05,0.06,0.1,355,0.0,0,0
0,25.06,25.06,24.56,25.19,0,0,2,1,0.08,0.04,0.05,0.08,345,0.0,0,0
0,25.44,25.44,25.25,26.06,0,0,0,0,0.08,0.05,0.06,0.1,350,0.0,0,0
0,25.38,25.38,25.0,25.81,0,0,0,0,0.08,0.06,0.06,0.11,355,0.0,0,0
